area,category_id,id,image_id,bbox_x,bbox_y,bbox_w,bbox_h
37687,19860,1592,421,125,864,223,169
169632,34596,1585,421,94,36,342,496
59540,3482,1596,421,599,868,260,229
39634,36636,1590,421,618,202,266,149
172628,16550,7,2,29,762,412,419
117192,27925,6,2,146,143,257,456
27930,1899,2,2,631,893,210,133
49128,24849,12,2,636,274,178,276
53130,20237,915,242,584,679,230,231
34960,3350,909,242,336,128,184,190
127437,18146,912,242,101,563,321,397
40768,22346,1494,399,101,208,208,196
45150,22346,1492,397,684,864,215,210
39780,22346,1493,398,85,199,204,195
56608,16261,1503,399,590,226,244,232
60507,16261,1501,397,151,803,249,243
54000,16261,1502,398,563,220,240,225
57330,3482,1497,399,609,791,273,210
54400,3482,1496,397,121,306,272,200
57750,3482,1495,398,579,759,275,210
87216,27732,1498,399,122,768,316,276
80332,27732,1499,397,565,262,302,266
90482,27732,1500,398,86,728,322,281
51975,29666,5181,1360,87,313,231,225
51067,29666,5183,1362,666,780,229,223
37442,3350,5184,1360,389,892,193,194
33306,3350,5186,1362,401,209,182,183
79112,19231,5178,1360,523,201,232,241
83660,19231,5180,1362,213,749,235,356
39000,22346,2388,629,94,210,200,195
40590,22346,2387,630,110,220,205,198
57475,3482,2380,629,579,760,275,209
57475,3482,2382,630,609,792,275,209
90482,27732,2384,629,86,728,322,281
87532,27732,2385,630,123,768,316,277
34034,16231,2378,629,620,177,187,182
35263,16231,2379,630,645,186,197,179
77903,6562,5468,1440,198,713,217,359
53775,16547,5466,1440,539,190,239,225
26334,12246,5461,1440,621,878,209,126
41406,3543,5464,1440,89,210,206,201
76494,16547,4683,1228,88,255,366,209
52206,16547,4684,1230,620,159,231,226
55615,16547,4685,1229,646,166,245,227
34736,1899,4688,1228,642,856,208,167
29952,1899,4687,1230,133,245,192,156
31243,1899,4686,1229,151,255,199,157
76494,33008,4691,1228,88,255,366,209
79629,33008,4689,1230,519,791,381,209
73854,33008,4690,1229,550,838,373,198
23550,19606,4680,1228,662,333,157,150
25120,19606,4682,1230,140,787,160,157
24645,19606,4681,1229,171,821,159,155
56256,38161,1909,505,213,287,192,293
35908,3350,1915,505,398,901,188,191
42436,31862,1912,505,637,326,206,206
56816,3482,5156,1356,650,750,212,268
157552,30307,5157,1356,92,56,344,458
45431,36636,5160,1356,634,208,181,251
75900,20876,5164,1356,116,768,330,230
98612,32309,3092,816,560,715,277,356
87316,32309,3090,814,151,231,263,332
49950,20237,3095,816,144,800,225,222
46852,20237,3093,814,602,288,221,212
33672,3350,3098,816,403,226,184,183
37442,3350,3096,814,385,859,193,194
39396,22346,4307,1131,88,236,201,196
40392,22346,4306,1130,107,246,204,198
57960,3482,4308,1131,579,760,276,210
58025,3482,4310,1130,608,791,275,211
90160,27732,4301,1131,86,729,322,280
87492,27732,4300,1130,123,767,317,276
47286,20237,4304,1131,614,186,222,213
49922,20237,4302,1130,643,189,229,218
57603,3482,3172,836,609,791,273,211
57750,3482,3173,837,579,759,275,210
54800,3482,3171,835,121,306,274,200
86625,27732,3169,836,123,768,315,275
91044,27732,3170,837,85,727,324,281
80066,27732,3168,835,565,262,301,266
49693,20237,3178,836,643,189,229,217
47722,20237,3177,837,614,185,223,214
52206,20237,3179,835,112,855,231,226
43248,28762,3176,836,120,180,212,204
41800,28762,3174,837,107,175,209,200
47515,28762,3175,835,659,886,221,215
142800,3831,1056,281,109,580,400,357
139788,3831,1057,282,151,677,396,353
34965,3350,1050,281,339,171,185,189
32942,3350,1051,282,382,231,182,181
37245,16231,1053,281,621,748,191,195
35908,16231,1054,282,656,839,191,188
57600,38161,5450,1434,646,854,300,192
101712,32309,5447,1434,34,762,312,326
33123,3350,5444,1434,410,231,183,181
142274,33879,2276,599,70,583,319,446
34965,3350,2273,599,345,167,185,189
48732,36636,2270,599,585,632,186,262
53312,16547,2805,739,627,231,238,224
51290,16547,2807,741,600,222,230,223
113000,31704,2816,739,622,732,250,452
113750,31704,2815,741,598,698,250,455
31160,1899,2813,739,184,254,164,190
29987,1899,2812,741,168,245,157,191
24168,19606,2808,739,175,895,159,152
25280,19606,2810,741,142,863,160,158
39991,22346,2622,691,112,223,203,197
41382,22346,2623,693,126,235,209,198
79002,35205,2630,691,651,142,198,399
81600,35205,2629,693,682,154,200,408
50225,3482,2626,691,559,811,287,175
46860,3482,2627,693,587,847,284,165
47712,27652,2619,691,63,810,224,213
45954,27652,2621,693,95,853,222,207
53808,16261,3777,995,595,178,236,228
50688,3482,3773,995,559,811,288,176
156180,30307,3774,995,96,64,380,411
47686,27652,3769,995,61,810,226,211
115640,5885,2219,585,597,684,236,490
116560,2482,2214,585,622,52,248,470
167184,19551,2223,585,134,79,344,486
76450,5093,2217,585,110,807,278,275
39546,21324,4499,1182,626,782,169,234
40800,21324,4498,1181,587,693,170,240
33480,3350,4502,1182,392,185,186,180
35532,3350,4501,1181,351,125,188,189
87316,19231,4496,1182,147,807,332,263
91848,19231,4495,1181,100,704,344,267
140937,29344,2584,683,550,678,327,431
124527,29344,2583,682,117,165,309,403
93016,18109,2588,683,45,721,308,302
87021,18109,2586,682,614,247,297,293
150520,16550,2590,683,503,72,355,424
169921,16550,2589,682,98,709,367,463
25472,1899,2594,683,162,256,128,199
26832,1899,2593,682,685,808,129,208
48752,3482,4960,1301,133,288,277,176
43758,27652,4956,1301,673,257,221,198
52668,29666,4963,1301,125,864,231,228
220340,31884,4954,1301,472,653,460,479
101675,35205,1009,270,135,727,245,415
90400,35205,1007,268,618,118,226,400
84753,35205,1008,269,587,114,219,387
51300,3482,1014,270,126,271,270,190
52264,3482,1015,268,602,845,278,188
54233,3482,1013,269,575,811,281,193
48391,28762,1010,270,645,865,223,217
43442,28762,1011,268,134,198,214,203
42174,28762,1012,269,116,192,213,198
82404,25468,1006,270,573,232,378,218
82875,25468,1004,268,51,857,375,221
84920,25468,1005,269,11,814,386,220
58386,3482,4924,1292,172,273,263,222
58035,3482,4925,1291,565,814,265,219
154524,30307,4927,1292,553,690,326,474
149226,30307,4928,1291,129,99,323,462
53572,20237,4918,1292,151,850,236,227
48375,20237,4917,1291,605,196,225,215
34300,27776,4921,1292,639,292,175,196
35000,27776,4920,1291,177,813,175,200
110916,2482,819,218,586,101,234,474
107912,3742,827,218,119,797,329,328
155808,6191,822,218,127,148,288,541
115866,12080,826,218,606,712,246,471
53124,16261,4288,1127,604,188,233,228
57085,16261,4289,1128,629,191,245,233
56368,3482,4296,1127,624,720,208,271
55744,3482,4297,1128,650,751,208,268
206080,31884,4291,1127,22,33,448,460
218526,31884,4290,1128,33,47,473,462
80190,20876,4294,1127,84,724,330,243
76890,20876,4293,1128,116,766,330,233
37687,19860,3582,944,126,864,223,169
40128,19860,3584,943,91,828,228,176
60030,3482,3585,944,599,867,261,230
59247,3482,3586,943,573,838,261,227
49476,20237,3581,944,642,189,228,217
46852,20237,3580,943,615,186,221,212
152304,25366,3577,944,63,107,304,501
144936,25366,3576,943,42,93,297,488
101556,2482,1344,357,626,68,217,468
82082,5093,1341,357,108,811,286,287
115866,12080,1345,357,650,693,246,471
151604,23222,1338,357,97,143,302,502
60258,16261,2693,709,151,803,249,242
56840,16261,2691,711,590,226,245,232
54200,3482,2685,709,122,306,271,200
57330,3482,2687,711,609,791,273,210
80634,27732,2696,709,565,262,302,267
87532,27732,2694,711,122,767,316,277
47508,28762,2688,709,601,823,222,214
42400,28762,2689,711,178,246,212,200
78840,6562,5623,1482,187,707,219,360
80665,6562,5622,1481,155,666,221,365
54731,16547,5629,1482,573,195,239,229
51520,16547,5628,1481,548,189,230,224
48178,10220,5630,1482,624,828,221,218
49275,10220,5632,1481,597,793,225,219
43044,3543,5626,1482,142,188,211,204
40397,3543,5624,1481,126,184,203,199
143990,3831,1884,498,97,749,385,374
32760,3350,1881,498,398,217,182,180
48514,36636,1878,498,627,758,191,254
112980,29344,4646,1221,130,162,269,420
145860,16550,4654,1221,564,208,330,442
52210,10220,4649,1221,79,828,230,227
43890,3543,4652,1221,667,819,209,210
118828,13394,1799,476,111,47,244,487
62491,25437,1802,476,554,204,247,253
113088,2482,1808,476,106,676,228,496
152337,19551,1804,476,538,606,309,493
128820,29344,3797,1002,588,677,285,452
128576,29344,3796,1000,613,714,287,448
113847,29344,3795,1001,117,157,277,411
51075,16547,3798,1002,599,212,227,225
53562,16547,3799,1000,623,220,237,226
57121,16547,3800,1001,125,813,239,239
25929,1899,3794,1002,161,257,129,201
26000,1899,3792,1000,182,266,130,200
27641,1899,3793,1001,685,807,131,211
51545,24849,3802,1002,59,856,305,169
49995,24849,3801,1000,92,894,303,165
48931,24849,3803,1001,601,252,293,167
33855,3350,1920,510,370,227,185,183
129720,18146,1926,510,90,699,345,376
35344,22073,1923,510,627,872,188,188
59400,3482,549,145,541,778,264,225
56854,3482,548,147,569,814,262,217
196209,31884,554,145,35,36,387,507
203112,31884,555,147,50,61,403,504
37080,27776,552,145,146,775,180,206
34825,27776,550,147,179,812,175,199
33488,16231,544,145,616,240,184,182
34408,16231,546,147,644,250,187,184
65536,25437,1098,294,131,840,256,256
69958,25437,1099,293,133,855,263,266
112959,5885,1102,294,599,684,231,489
120124,5885,1100,293,610,683,236,509
162972,12777,1096,294,82,109,324,503
164604,12777,1095,293,89,133,319,516
95200,2482,1104,294,663,70,200,476
98700,2482,1103,293,652,102,210,470
156954,12777,4774,1249,100,37,303,518
105160,2482,4770,1249,620,52,220,478
96942,4377,4764,1249,594,702,214,453
77562,5093,4767,1249,105,798,279,278
58804,16261,1362,363,82,790,244,241
62244,16261,1361,362,35,701,252,247
33489,3350,1365,363,362,218,183,183
34595,3350,1364,362,320,161,185,187
95850,18146,1368,363,552,705,213,450
95424,18146,1367,362,515,614,213,448
95452,2482,1748,461,640,62,196,487
104652,3742,1744,461,122,826,323,324
107590,22361,1743,461,599,734,265,406
147000,23222,1739,461,136,120,294,500
85200,35205,4616,1211,632,160,213,400
183348,34596,4618,1211,51,110,463,396
56910,3482,4609,1211,625,718,210,271
79680,20876,4612,1211,85,724,332,240
44308,22346,4105,1078,667,850,212,209
53383,3482,4102,1078,145,290,211,253
52664,29666,4099,1078,132,859,232,227
79376,20876,4095,1078,592,259,328,242
53760,16547,1118,300,588,260,240,224
111552,31704,1123,300,172,685,249,448
25092,1899,1125,300,106,271,204,123
42009,33207,1117,300,640,878,209,201
35156,3350,1428,381,326,239,188,187
43263,31862,1431,381,636,803,207,209
270384,16687,1425,381,19,649,516,524
112942,35205,630,168,519,686,298,379
115885,35205,629,167,478,587,301,385
113552,35205,628,166,168,243,302,376
120680,3831,633,168,153,578,280,431
124260,3831,632,167,109,487,285,436
119706,3831,631,166,546,281,281,426
33488,3350,627,168,387,196,184,182
34587,3350,626,167,345,137,183,189
36672,3350,625,166,404,902,191,192
57112,16261,294,81,609,789,242,236
33855,3350,297,81,403,256,185,183
87912,19231,300,81,141,801,333,264
57540,3482,1854,489,579,759,274,210
53262,3482,1853,488,124,307,269,198
90522,27732,1850,489,86,727,321,282
80066,27732,1851,488,566,261,301,266
196950,31884,1845,489,84,30,390,505
213030,31884,1844,488,505,680,405,526
34224,16231,1848,489,621,176,186,184
38025,16231,1846,488,145,891,195,195
86010,18109,2568,678,638,273,305,282
88434,18109,2569,676,49,741,306,289
158110,16550,2561,678,23,748,326,485
148356,16550,2559,676,642,20,317,468
119799,27925,2565,678,144,143,261,459
122488,27925,2566,676,601,670,251,488
28620,1899,2564,678,630,894,212,135
25781,1899,2563,676,157,249,203,127
45843,13899,168,45,620,764,177,259
44275,13899,166,43,190,297,175,253
50398,29666,165,45,137,812,226,223
50850,29666,163,43,606,280,226,225
33306,3350,171,45,414,213,182,183
36864,3350,169,43,375,888,192,192
60250,16261,4366,1145,166,834,250,241
54050,16261,4367,1146,547,190,235,230
51570,3482,4362,1145,127,272,270,191
53654,3482,4363,1146,576,811,278,193
215934,31884,4370,1145,517,588,438,493
202138,31884,4368,1146,42,146,422,479
82563,25468,4360,1145,572,230,377,219
85470,25468,4361,1146,12,812,385,222
41192,13899,3045,802,173,299,152,271
41550,13899,3046,803,619,653,150,277
40996,13899,3047,804,656,741,148,277
37248,3350,3051,802,394,884,192,194
34408,3350,3052,803,354,158,184,187
33672,3350,3053,804,395,216,184,183
34780,22073,3048,802,591,302,185,188
36084,22073,3049,803,153,728,186,194
34408,22073,3050,804,194,821,184,187
38868,21324,3640,959,646,709,164,237
38243,21324,3641,960,681,802,167,229
38136,21324,3639,958,133,288,168,227
124392,3831,3643,959,145,544,284,438
118800,3831,3644,960,193,637,275,432
116325,3831,3642,958,510,231,275,423
34020,3350,3637,959,345,150,180,189
33304,3350,3638,960,384,209,184,181
35910,3350,3636,958,407,891,189,190
39195,22346,5286,1388,95,231,201,195
44485,22346,5287,1389,673,833,217,205
54526,3482,5282,1388,619,722,199,274
49087,3482,5280,1389,163,279,191,257
48138,20237,5278,1388,570,177,226,213
54273,20237,5279,1389,153,863,237,229
88126,20876,5284,1388,106,792,278,317
80730,20876,5283,1389,583,175,270,299
39952,19860,4158,1094,91,828,227,176
54720,16261,4163,1094,609,172,240,228
188331,34596,4156,1094,32,88,439,429
60490,3482,4166,1094,572,837,263,230
120536,13394,91,25,110,48,247,488
118472,13394,92,26,590,711,236,502
62244,25437,94,25,556,205,247,252
65792,25437,96,26,121,809,256,257
107070,2482,102,25,112,677,215,498
97510,2482,100,26,612,42,199,490
145692,23222,99,25,571,621,284,513
151384,23222,98,26,70,70,298,508
48475,3482,4666,1223,131,288,277,175
44421,27652,4664,1223,671,255,221,201
173530,25366,4661,1223,546,627,335,518
50764,36636,4657,1223,151,801,196,259
60342,3482,488,131,538,778,267,226
130980,30307,493,131,14,165,444,295
36720,27776,485,131,145,778,180,204
43862,36636,492,131,635,178,182,241
120780,5885,873,230,598,698,244,495
124215,2482,871,230,617,78,273,455
104632,3742,868,230,75,801,328,319
176757,23222,864,230,47,93,399,443
63384,38161,3936,1036,144,246,228,278
61824,38161,3938,1038,611,796,224,276
66584,38161,3937,1037,573,698,232,287
37056,3350,3933,1036,410,878,192,193
33852,3350,3935,1038,379,223,186,182
35343,3350,3934,1037,337,163,187,189
85800,19231,3939,1036,531,240,260,330
89179,19231,3941,1038,181,715,257,347
91074,19231,3940,1037,138,614,258,353
37496,19860,1661,441,639,277,218,172
40356,19860,1660,440,91,827,228,177
37296,19860,1662,439,126,865,222,168
60016,16261,1656,441,100,853,248,242
53775,16261,1655,440,609,174,239,225
57288,16261,1654,439,637,177,248,231
54834,3482,1665,441,151,219,247,222
59736,3482,1663,440,572,838,262,228
59800,3482,1664,439,600,867,260,230
48150,28762,1659,441,603,858,225,214
41370,28762,1657,440,153,199,210,197
42833,28762,1658,439,172,208,211,203
165321,22626,1672,442,62,45,351,471
65024,25437,1666,442,111,829,254,256
108775,2482,1675,442,620,62,229,475
105340,4377,1670,442,639,703,229,460
58025,3482,4983,1308,610,790,275,211
57408,3482,4984,1306,580,758,276,208
54471,3482,4985,1307,121,308,271,201
86147,27732,4979,1308,132,776,311,277
90240,27732,4977,1306,94,733,320,282
80030,27732,4978,1307,558,257,302,265
48760,29666,4982,1308,665,180,230,212
47294,29666,4981,1306,637,176,221,214
53590,29666,4980,1307,89,865,233,230
186756,25366,4987,1308,55,33,474,394
177773,25366,4988,1306,45,25,457,389
196910,25366,4986,1307,472,822,485,406
44517,22346,2670,704,664,869,213,209
39390,22346,2671,703,105,193,202,195
37968,19860,2669,704,644,278,226,168
39825,19860,2668,703,84,825,225,177
54412,3482,2664,704,161,213,244,223
61248,3482,2666,703,565,843,264,232
52658,29666,2662,704,117,839,233,226
47730,29666,2661,703,608,199,222,215
115500,13394,1824,483,631,675,231,500
152830,22626,1831,483,71,75,310,493
106700,2482,1830,483,638,65,220,485
78399,5093,1826,483,134,828,279,281
175263,34596,3333,877,593,615,339,517
47644,3482,3332,877,129,290,277,172
43581,27652,3329,877,670,255,219,199
50629,36636,3324,877,151,803,197,257
147828,16550,3879,1021,44,725,291,508
35910,1899,3876,1021,643,845,189,190
39179,33207,3882,1021,185,268,203,193
89505,29450,3887,1021,514,243,405,221
41370,22346,1024,272,119,195,210,197
90852,35205,1020,272,658,177,226,402
57452,3482,1017,272,650,750,212,271
76360,20876,1026,272,116,768,332,230
137246,29344,365,98,575,718,326,421
138348,29344,366,99,551,682,324,427
54720,16547,363,98,646,211,240,228
51525,16547,361,99,619,202,229,225
26000,1899,359,98,178,269,130,200
25400,1899,360,99,160,258,127,200
24955,19606,369,98,164,918,161,155
25280,19606,368,99,132,886,160,158
57297,3482,3392,893,649,751,213,269
54741,3482,3391,892,143,291,213,257
194010,25366,3382,893,34,37,435,446
204294,25366,3381,892,538,757,431,474
45864,36636,3389,893,633,208,182,252
48514,36636,3387,892,167,799,191,254
77256,20876,3385,893,115,767,333,232
77880,20876,3384,892,543,294,330,236
32760,21025,3162,834,105,834,182,180
30448,21025,3164,833,674,274,176,173
85526,18109,3158,834,46,113,298,287
98838,18109,3157,833,628,845,323,306
51968,16547,3159,834,579,158,232,224
57600,16547,3161,833,140,866,240,240
31376,1899,3165,834,596,854,212,148
28341,1899,3166,833,173,279,201,141
56910,3482,4702,1231,648,754,210,271
56238,3482,4701,1233,622,717,206,273
48608,29666,4698,1231,625,185,224,217
47085,29666,4699,1233,597,182,219,215
201402,31884,4695,1231,61,75,402,501
190500,31884,4697,1233,50,52,381,500
79788,20876,4692,1231,70,798,327,244
82944,20876,4694,1233,41,753,324,256
56852,16261,4753,1247,603,192,244,233
183478,34596,4756,1247,74,108,398,461
59052,3482,4761,1247,565,814,266,222
35577,27776,4760,1247,176,813,177,201
44304,22346,5575,1465,667,887,213,208
41193,22346,5573,1467,121,183,207,199
60016,16261,5564,1465,117,847,248,242
55680,16261,5566,1467,624,182,240,232
48198,3482,5570,1465,131,287,277,174
47144,3482,5571,1467,586,846,284,166
44600,27652,5567,1465,670,255,223,200
45954,27652,5568,1467,95,852,222,207
106533,35205,3367,887,124,553,267,399
34960,3350,3365,887,338,148,184,190
44943,31862,3361,887,572,746,211,213
37128,19860,3930,1035,127,865,221,168
40128,19860,3931,1033,91,828,228,176
59311,3482,3929,1035,600,868,259,229
60260,3482,3928,1033,573,837,262,230
42612,28762,3924,1035,128,184,212,201
41145,28762,3926,1033,112,177,211,195
40050,36636,3923,1035,618,200,267,150
40040,36636,3921,1033,592,192,260,154
127218,16550,4548,1193,587,55,273,466
30107,1899,4540,1193,136,246,187,161
55692,24849,4547,1193,130,774,182,306
79420,33008,4543,1193,520,791,380,209
94213,18109,5092,1338,44,747,313,301
85833,18109,5093,1336,614,224,297,289
52658,16547,5096,1338,549,179,233,226
58072,16547,5095,1336,169,841,244,238
32400,1899,5097,1338,149,240,180,180
36100,1899,5098,1336,643,846,190,190
109752,29450,5090,1338,464,786,408,269
103228,29450,5088,1336,114,215,394,262
40680,21324,382,103,152,237,180,226
40533,21324,384,105,654,845,177,229
35530,3350,385,103,426,824,187,190
34040,3350,387,105,365,264,184,185
85888,18356,388,103,575,219,244,352
89520,18356,390,105,154,703,240,373
120927,13394,4862,1275,602,709,233,519
69948,25437,4853,1275,125,824,261,268
96669,2482,4856,1275,598,88,207,467
167141,6191,4858,1275,101,84,299,559
89768,2482,5484,1445,621,77,196,458
111547,3742,5490,1445,131,813,337,331
108810,4377,5486,1445,595,705,234,465
147828,23222,5492,1445,129,101,291,508
64516,25437,960,257,136,838,254,254
69948,25437,961,258,137,850,261,268
113505,5885,962,257,598,682,235,483
125240,5885,964,258,605,679,248,505
94472,2482,969,257,667,64,196,482
94598,2482,968,258,657,104,203,466
158574,19551,966,257,128,47,321,494
159543,19551,967,258,131,68,311,513
51952,3482,3818,1008,125,271,272,191
52664,20237,3822,1008,139,849,232,227
194456,25366,3821,1008,514,650,446,436
83220,25468,3827,1008,572,232,380,219
36284,3350,3303,871,447,873,188,193
35335,3350,3304,872,302,165,185,191
111557,18146,3306,871,84,226,281,397
122536,18146,3307,872,584,578,289,424
219341,16687,3309,871,481,123,421,521
258712,16687,3310,872,34,524,443,584
58236,3482,1984,523,607,790,276,211
57266,3482,1985,524,579,760,274,209
87492,27732,1975,523,123,768,317,276
89880,27732,1976,524,86,729,321,280
42630,28762,1979,523,144,201,210,203
40788,28762,1980,524,127,193,206,198
35280,16231,1981,523,645,185,196,180
34034,16231,1982,524,621,177,187,182
38592,22346,4601,1208,84,249,201,192
59850,3482,4607,1208,540,778,266,225
36695,27776,4597,1208,146,776,179,205
33672,16231,4602,1208,615,240,184,183
77185,6562,777,207,197,716,215,359
71020,6562,778,206,583,233,212,335
54502,16547,781,207,620,124,238,229
58563,16547,780,206,123,903,243,241
19734,23202,782,207,648,879,143,138
18768,23202,783,206,214,290,136,138
41600,3543,775,207,126,170,208,200
46440,3543,774,206,657,896,216,215
52891,16547,4704,1234,592,140,233,227
58800,16547,4706,1236,121,884,245,240
30807,1899,4708,1234,135,244,189,163
35432,1899,4707,1236,643,855,206,172
36480,21770,4714,1234,129,768,192,190
34762,21770,4715,1236,638,316,191,182
80640,33008,4710,1234,519,792,384,210
76703,33008,4711,1236,87,255,367,209
81807,35205,893,235,680,155,201,407
47144,3482,887,235,586,846,284,166
45938,27652,898,235,95,853,223,206
43215,28762,890,235,161,234,215,201
37449,19860,2118,561,638,278,219,171
39952,19860,2116,559,91,827,227,176
117600,35205,2126,561,110,776,300,392
103416,35205,2125,559,557,87,278,372
54340,3482,2121,561,151,219,247,220
58760,3482,2119,559,573,839,260,226
137740,30307,2122,561,605,700,284,485
126314,30307,2123,559,97,64,274,461
75628,41767,4371,1147,130,294,259,292
35717,3350,4377,1147,363,877,187,191
35910,16231,4374,1147,590,306,190,189
43888,22346,5213,1370,688,856,211,208
37449,19860,5209,1370,638,278,219,171
59760,16261,5215,1370,100,854,249,240
54834,3482,5217,1370,150,218,247,222
84348,35205,5031,1319,632,161,213,396
95064,35205,5032,1320,98,671,233,408
91481,35205,5033,1318,659,175,227,403
57664,3482,5023,1319,624,717,212,272
54954,3482,5024,1320,141,291,213,258
56548,3482,5022,1318,651,750,211,268
183184,25366,5029,1319,70,128,428,428
197578,25366,5028,1320,480,674,443,446
185745,25366,5030,1318,85,148,435,427
80764,20876,5025,1319,86,723,331,244
78540,20876,5027,1320,543,294,330,238
77024,20876,5026,1318,117,766,332,232
136485,3831,2432,642,87,678,405,337
52200,20237,2426,642,657,800,232,225
33304,3350,2429,642,383,182,184,181
120400,20013,1107,296,476,720,350,344
116955,20013,1108,297,514,809,345,339
35898,3350,1113,296,334,171,186,193
33856,3350,1114,297,377,235,184,184
39004,16231,1110,296,86,738,199,196
36660,16231,1111,297,129,830,195,188
101269,35205,1413,378,598,126,259,391
90843,35205,1412,377,87,726,321,283
108654,35205,1411,376,124,736,273,398
57392,3482,1419,378,610,791,272,211
57750,3482,1417,377,580,759,275,210
54873,3482,1418,376,120,307,273,201
87809,27732,1422,378,123,766,317,277
97660,27732,1420,377,565,119,257,380
80634,27732,1421,376,564,261,302,267
190825,25366,1415,378,51,148,449,425
180616,25366,1414,377,41,129,428,422
195300,25366,1416,376,507,683,450,434
60742,16261,4215,1108,115,847,251,242
53580,16261,4217,1110,597,178,235,228
48198,3482,4225,1108,131,288,277,174
50575,3482,4224,1110,559,810,289,175
43581,27652,4221,1108,671,256,219,199
47925,27652,4222,1110,62,810,225,213
48351,28762,4220,1108,635,841,227,213
41600,28762,4219,1110,122,217,208,200
61250,25437,396,107,537,177,245,250
69680,25437,395,106,146,856,260,268
155400,12777,392,107,543,635,296,525
156849,12777,391,106,105,73,291,539
124974,2482,399,107,79,660,262,477
105800,2482,398,106,599,121,230,460
100980,22361,401,107,100,104,255,396
109225,22361,400,106,598,744,257,425
158390,22626,3981,1049,513,563,337,470
159028,22626,3983,1048,98,200,332,479
97908,2482,3976,1049,83,642,199,492
94326,2482,3975,1048,644,117,199,474
71020,5093,3980,1049,523,150,268,265
83226,5093,3978,1048,139,857,286,291
98894,22361,3984,1049,82,75,251,394
108790,22361,3985,1048,623,779,253,430
57684,3482,3439,905,579,760,276,209
130752,30307,3434,905,143,45,288,454
89880,27732,3430,905,87,728,321,280
47508,20237,3436,905,614,186,222,214
80300,6562,687,181,155,666,220,365
78621,6562,686,182,187,707,219,359
156024,16550,689,181,539,127,396,394
161202,16550,690,182,563,140,401,402
50172,10220,682,181,596,791,226,222
47960,10220,683,182,623,827,220,218
40800,3543,693,181,126,183,204,200
42622,3543,692,182,142,189,211,202
48420,13899,4833,1268,578,671,180,269
34595,3350,4831,1268,321,172,185,187
51516,36636,4837,1268,177,681,212,243
54016,3482,4787,1253,145,289,211,256
173031,30307,4779,1253,529,760,411,421
52896,29666,4777,1253,133,858,232,228
78568,20876,4783,1253,595,260,322,244
113710,29344,5437,1430,126,165,274,415
52206,16547,5433,1430,633,250,231,226
52432,10220,5436,1430,79,830,232,226
43681,3543,5441,1430,667,820,209,209
123140,2482,636,171,621,38,262,470
126350,2482,634,169,52,698,266,475
160561,6191,641,171,117,131,307,523
157798,6191,640,169,523,551,307,514
77837,5093,643,171,105,800,281,277
72624,5093,645,169,551,191,272,267
106470,12080,639,171,642,687,234,455
96320,12080,637,169,72,129,224,430
57348,16547,3182,840,122,861,243,236
53562,16547,3181,839,621,168,237,226
112585,27925,3190,840,607,162,253,445
126825,27925,3189,839,128,667,267,475
28274,1899,3188,840,630,895,211,134
25728,1899,3187,839,158,249,201,128
40590,33207,3185,840,178,269,205,198
42400,33207,3183,839,616,835,212,200
43808,44198,4976,1303,551,832,296,148
41756,44198,4974,1304,577,865,286,146
147721,16550,4972,1303,547,94,329,449
150183,16550,4973,1304,578,114,333,451
130115,27925,4968,1303,97,610,265,491
127568,27925,4969,1304,133,665,268,476
26058,1899,4965,1303,140,240,202,129
25856,1899,4966,1304,156,248,202,128
145632,16550,2935,774,140,680,296,492
104000,31704,2938,774,570,177,250,416
28274,1899,2940,774,682,879,211,134
40376,33207,2933,774,156,236,206,196
54984,16547,1182,318,135,748,237,232
83990,33008,1190,318,537,762,370,227
46842,10220,1183,318,604,194,222,211
39788,3543,1188,318,111,225,203,196
39794,22346,1210,322,115,186,202,197
50460,3482,1213,322,558,812,290,174
47686,27652,1207,322,61,811,226,211
45067,36636,1204,322,614,205,187,241
58300,3482,4488,1179,564,813,265,220
58464,3482,4490,1177,174,272,261,224
48608,20237,4484,1179,605,196,224,217
52432,20237,4482,1177,155,849,232,226
212675,31884,4485,1179,123,62,413,515
206145,31884,4487,1177,473,672,405,509
34626,27776,4493,1179,178,813,174,199
33930,27776,4492,1177,640,292,174,195
127764,16550,5241,1375,581,47,273,468
29952,1899,5232,1375,134,248,192,156
44084,33207,5237,1375,611,771,214,206
88669,33008,5240,1375,12,773,371,239
102011,35205,523,141,135,726,247,413
51379,3482,522,141,127,271,269,191
208426,31884,531,141,581,660,394,529
92584,25468,528,141,577,191,326,284
155344,12777,3247,854,89,108,304,511
159456,12777,3248,853,556,569,302,528
97566,2482,3245,854,631,31,202,483
104370,2482,3244,853,100,691,213,490
103964,3742,3238,854,129,802,329,316
94224,3742,3237,853,485,151,312,302
102604,4377,3241,854,588,702,227,452
96135,4377,3240,853,136,108,221,435
34221,3350,5134,1349,385,163,183,187
44091,31862,5140,1349,551,769,207,213
35705,22073,5137,1349,64,725,185,193
33852,3350,5021,1317,367,222,186,182
92720,19231,5018,1317,127,796,304,305
189504,16687,5015,1317,555,581,288,658
56910,3482,1687,447,649,749,210,271
56430,3482,1689,446,625,720,209,270
54060,3482,1688,445,143,292,212,255
202800,31884,1683,447,123,105,400,507
196596,31884,1682,446,107,74,381,516
204580,31884,1681,445,487,625,386,530
45933,36636,1680,447,632,210,183,251
43855,36636,1679,446,605,205,179,245
48450,36636,1678,445,167,798,190,255
75799,20876,1684,447,115,769,331,229
80433,20876,1686,446,84,725,331,243
76191,20876,1685,445,544,294,327,233
128992,16550,264,71,617,43,278,464
30000,1899,257,71,138,219,200,150
55860,24849,265,71,119,738,196,285
97251,29450,259,71,522,805,421,231
32037,21025,1875,495,125,865,181,177
52640,16547,1866,495,622,143,235,224
32028,1899,1870,495,613,861,204,157
24021,19606,1868,495,151,219,157,153
173304,34596,990,263,89,54,348,498
47310,3482,986,263,586,846,285,166
45954,27652,981,263,94,851,222,207
47722,29666,985,263,632,180,223,214
188160,34596,5149,1352,39,83,420,448
185745,34596,5148,1351,56,115,427,435
60568,3482,5153,1352,539,776,268,226
58300,3482,5152,1351,565,810,265,220
37286,27776,5147,1352,145,775,181,206
35000,27776,5145,1351,180,812,175,200
33123,16231,5143,1352,615,242,183,181
34408,16231,5142,1351,643,251,187,184
34040,3350,5614,1479,132,840,184,185
36480,3350,5613,1478,87,756,190,192
92256,18356,5620,1479,367,203,248,372
88920,18356,5619,1478,326,131,247,360
52488,36636,5617,1479,657,867,243,216
53724,36636,5616,1478,621,776,242,222
111900,35205,60,18,164,682,300,373
82384,41767,66,18,603,733,271,304
33670,3350,63,18,338,226,185,182
57814,3482,3494,921,609,790,274,211
160515,30307,3488,921,144,140,369,435
86625,27732,3490,921,125,77,315,275
44370,36636,3485,921,620,207,261,170
45136,22346,858,227,675,840,217,208
38800,22346,859,228,93,221,200,194
37449,19860,855,227,638,278,219,171
40356,19860,856,228,91,827,228,177
54366,3482,860,227,151,219,246,221
60227,3482,861,228,572,838,263,229
51528,20237,852,227,113,856,228,226
47294,20237,853,228,615,185,221,214
125086,33879,3707,978,58,775,442,283
130790,33879,3706,977,10,677,451,290
122360,33879,3705,976,477,247,437,280
33852,3350,3704,978,397,223,186,182
35532,3350,3703,977,353,163,189,188
37050,3350,3702,976,394,876,190,195
34224,22073,3710,978,688,806,184,186
36855,22073,3709,977,649,712,189,195
35910,22073,3708,976,108,324,190,189
101080,32309,4588,1205,529,713,361,280
33294,3350,4594,1205,355,167,179,186
37044,22073,4591,1205,51,762,189,196
32578,21025,5589,1472,91,832,182,179
30616,21025,5588,1471,683,275,178,172
131494,16550,5593,1472,545,78,278,473
147379,16550,5592,1471,125,669,293,503
33048,1899,5594,1472,587,829,204,162
31310,1899,5596,1471,185,291,202,155
23256,19606,5598,1472,136,213,153,152
27048,19606,5599,1471,681,900,168,161
141968,16550,4883,1281,600,1,304,467
112750,31704,4877,1281,636,726,250,451
29694,1899,4874,1281,141,270,202,147
35520,21770,4880,1281,126,845,192,185
140940,16550,726,192,608,608,290,486
134316,16550,728,190,106,192,287,468
47520,10220,720,192,128,831,220,216
46434,10220,721,190,643,262,218,213
40582,4542,719,192,671,154,206,197
45576,4542,717,190,104,906,216,211
42218,3543,725,192,138,189,209,202
46655,3543,723,190,645,876,217,215
53743,16547,3741,987,602,196,241,223
30843,1899,3734,987,156,224,207,149
55076,24849,3739,987,152,773,196,281
91430,29450,3735,987,551,843,410,223
174474,34596,846,223,88,56,359,486
53654,3482,842,223,576,811,278,193
46440,29666,839,223,593,171,216,215
106959,25468,850,223,49,786,353,303
114582,35205,3465,913,545,253,338,339
46295,13899,3462,913,191,284,197,235
36863,3350,3468,913,377,919,193,191
189410,34596,2104,556,44,142,470,403
181440,34596,2106,558,34,113,448,405
194523,34596,2105,557,485,694,471,413
56012,3482,2109,556,652,749,209,268
56430,3482,2107,558,625,718,209,270
54998,3482,2108,557,140,292,214,257
34354,16231,2115,556,655,232,193,178
34592,16231,2114,558,627,223,188,184
38009,16231,2113,557,132,847,199,191
76360,20876,2111,556,116,769,332,230
80102,20876,2110,558,85,724,331,242
77880,20876,2112,557,541,295,330,236
40180,22346,5584,1470,112,200,205,196
38600,22346,5583,1469,95,193,200,193
44290,22346,5582,1468,676,874,215,206
89505,35205,5587,1470,616,140,221,405
85580,35205,5586,1469,585,137,220,389
99533,35205,5585,1468,139,707,241,413
58123,3482,5580,1470,567,813,263,221
60382,3482,5581,1469,538,777,266,227
58344,3482,5579,1468,172,274,264,221
34650,27776,5578,1470,178,813,175,198
36900,27776,5577,1469,145,775,180,205
34496,27776,5576,1468,639,293,176,196
129558,29344,15,6,587,675,286,453
128340,16550,23,6,541,101,276,465
25326,1899,17,6,163,257,126,201
50736,24849,21,6,61,857,302,168
119000,20013,5656,1491,89,696,350,340
123197,20013,5655,1490,50,609,353,349
51750,20237,5659,1491,567,820,230,225
52899,20237,5658,1490,529,731,231,229
34404,3350,5662,1491,185,249,188,183
35335,3350,5661,1490,345,186,185,191
69692,25437,2826,744,111,842,262,266
114291,2482,2825,744,600,104,249,459
147870,6191,2819,744,99,164,279,530
103032,4377,2821,744,656,703,216,477
39200,22346,5246,1380,145,193,200,196
40533,19860,5250,1380,90,827,229,177
101936,35205,5254,1380,558,90,277,368
60490,3482,5249,1380,573,838,263,230
65786,25437,2393,631,127,836,259,254
114660,5885,2389,631,594,681,234,490
96117,2482,2399,631,664,62,199,483
148176,23222,2396,631,138,97,294,504
150835,22626,3227,852,520,596,311,485
149996,22626,3225,850,106,126,308,487
104656,2482,3234,852,91,659,211,496
96714,2482,3235,850,638,62,199,486
93912,3742,3231,852,490,127,312,301
104652,3742,3232,850,122,826,323,324
100751,22361,3229,852,82,118,259,389
107590,22361,3230,850,598,734,265,406
91374,2482,2344,619,646,120,194,471
83798,5093,2354,619,137,856,286,293
108712,22361,2352,619,622,779,254,428
151256,23222,2349,619,91,93,296,511
118624,20013,4901,1287,561,787,352,337
119364,20013,4900,1286,527,698,348,343
109497,20013,4899,1285,71,207,339,323
59527,16261,4898,1287,71,807,247,241
61732,16261,4897,1286,25,720,253,244
58548,16261,4896,1285,651,269,246,238
34410,3350,4904,1287,379,210,186,185
34587,3350,4903,1286,339,153,183,189
36480,3350,4902,1285,410,889,190,192
54044,16261,1227,326,577,188,236,229
60192,3482,1219,326,538,779,264,228
196000,31884,1224,326,81,16,392,500
36695,27776,1217,326,144,776,179,205
72332,6562,275,74,581,233,214,338
169952,16550,272,74,69,726,376,452
25375,12246,269,74,177,304,203,125
46010,3543,279,74,699,856,214,215
40795,22346,680,178,142,239,205,199
57816,3482,678,178,567,816,264,219
48816,20237,673,178,605,196,226,216
35024,27776,670,178,178,814,176,199
86411,35205,4195,1102,586,111,221,391
92690,35205,4194,1104,615,116,230,403
101016,35205,4196,1103,136,727,244,414
54040,3482,4198,1102,575,811,280,193
51799,3482,4197,1104,603,845,277,187
51408,3482,4199,1103,125,272,272,189
152205,30307,4191,1102,6,155,417,365
158844,30307,4193,1104,18,177,427,372
158250,30307,4192,1103,553,708,422,375
106050,25468,4200,1102,52,786,350,303
103586,25468,4201,1104,87,829,343,302
94094,25468,4202,1103,573,191,329,286
128007,16550,3630,955,571,0,297,431
126910,27925,3628,955,571,628,259,490
25600,1899,3624,955,143,241,200,128
25280,19606,3633,955,109,828,160,158
92460,35205,3215,849,613,117,230,402
88650,35205,3214,848,582,111,225,394
102176,35205,3213,847,135,728,248,412
51522,3482,3217,849,604,846,277,186
53376,3482,3216,848,576,811,278,192
51952,3482,3218,847,125,271,272,191
183210,25366,3220,849,38,152,465,394
178145,25366,3221,848,23,129,451,395
192511,25366,3219,847,495,709,473,407
104535,25468,3224,849,86,828,345,303
106656,25468,3222,848,51,786,352,303
93765,25468,3223,847,574,191,329,285
44308,22346,33,7,656,852,212,209
47472,3482,29,7,130,289,276,172
43581,27652,25,7,670,255,219,199
51980,20237,35,7,133,870,230,226
108540,35205,2638,695,525,538,270,402
103878,35205,2639,696,566,632,261,398
34216,3350,2635,695,347,188,182,188
33304,3350,2636,696,388,252,184,181
89908,19231,2632,695,94,697,338,266
88312,19231,2633,696,141,801,322,266
118090,5885,2415,639,98,65,245,482
128765,2482,2416,639,51,683,283,455
97933,3742,2421,639,535,151,319,307
175851,6191,2422,639,411,704,501,351
33485,3350,4414,1160,347,218,181,185
92378,18356,4420,1160,541,519,247,374
38805,16231,4417,1160,89,726,195,199
87584,35205,1315,351,580,133,224,391
99946,35205,1317,350,139,708,242,413
189630,34596,1323,351,0,90,430,441
192600,34596,1321,350,547,674,428,450
60836,3482,1314,351,538,776,268,227
57378,3482,1313,350,172,275,262,219
37467,27776,1320,351,145,775,181,207
34672,27776,1319,350,638,293,176,197
56759,3482,3375,890,651,750,211,269
43255,28762,3370,890,71,177,211,205
34560,16231,3374,890,656,231,192,180
76923,20876,3380,890,116,768,333,231
54272,3482,4130,1086,141,293,212,256
56548,3482,4129,1084,651,750,211,268
195960,25366,4121,1086,498,689,460,426
186048,25366,4119,1084,45,153,456,408
37627,16231,4125,1086,133,847,197,191
34189,16231,4126,1084,657,232,191,179
76986,20876,4123,1086,544,294,329,234
76130,20876,4124,1084,116,768,331,230
104157,2482,3558,939,98,691,213,489
94213,3742,3565,939,486,151,313,301
159192,6191,3563,939,521,597,297,536
97461,4377,3557,939,133,104,221,441
39952,19860,1044,279,91,828,227,176
59800,3482,1042,279,573,838,260,230
152781,30307,1048,279,67,76,381,401
40248,36636,1039,279,593,192,258,156
57814,3482,437,117,609,791,274,211
58170,3482,438,116,579,758,277,210
86112,27732,435,117,130,775,312,276
90560,27732,434,116,93,732,320,283
189388,25366,429,117,88,154,419,452
179100,25366,428,116,77,129,398,450
43940,36636,431,117,621,209,260,169
42000,36636,430,116,593,205,250,168
52640,16547,345,93,622,166,235,224
51290,16547,344,92,596,161,230,223
122724,27925,341,93,600,673,252,487
126651,27925,340,92,571,630,259,489
25527,1899,339,93,159,250,201,127
25472,1899,338,92,143,241,199,128
24486,19606,346,93,142,863,159,154
25596,19606,348,92,110,828,162,158
123432,29344,4731,1241,130,748,278,444
111097,29344,4732,1240,589,130,269,413
45241,44198,4734,1241,664,837,161,281
46096,44198,4735,1240,169,200,172,268
137750,16550,4738,1241,575,105,290,475
148500,16550,4737,1240,122,661,300,495
26331,1899,4729,1241,179,268,131,201
26832,1899,4728,1240,688,806,129,208
37074,19860,2990,789,127,865,222,167
59311,3482,2999,789,601,867,259,229
49259,20237,2993,789,644,188,227,217
169320,31884,2994,789,117,84,340,498
30438,21025,3762,992,677,285,178,171
58077,16547,3761,992,149,795,239,243
46870,10220,3757,992,170,275,218,215
45787,3543,3766,992,675,835,217,211
51597,3482,4447,1169,125,271,273,189
171912,30307,4456,1169,591,784,377,456
53130,29666,4453,1169,139,871,231,230
93107,25468,4450,1169,575,192,329,283
33488,3350,3716,981,435,216,184,182
92960,18356,3719,981,118,647,280,332
34776,22073,3713,981,623,802,184,189
72504,6562,3076,809,586,237,212,342
156646,16550,3067,809,41,733,334,469
39904,29870,3073,809,198,240,172,232
46652,3543,3069,809,676,860,218,214
100700,2482,4524,1188,609,85,212,475
103840,4377,4521,1188,600,700,220,472
155184,19551,4517,1188,111,187,318,488
80940,5093,4518,1188,108,813,285,284
54036,16547,2777,730,152,811,237,228
45715,29870,2773,730,631,806,205,223
42224,4542,2769,730,641,142,208,203
41200,3543,2779,730,119,167,206,200
116928,20013,213,57,590,710,348,336
34965,3350,210,57,365,254,189,185
272435,16687,207,57,17,651,529,515
39382,22346,2077,549,104,234,203,194
56304,3482,2070,549,625,720,207,272
43610,36636,2073,549,606,204,178,245
79289,20876,2074,549,85,726,329,241
138620,16550,4132,1088,118,639,290,478
113220,31704,4138,1088,598,714,255,444
49020,10220,4142,1088,651,212,228,215
42016,3543,4134,1088,151,180,208,202
56635,16547,4944,1299,589,791,241,235
34968,12419,4948,1299,84,823,188,186
41400,4542,4943,1299,589,166,207,200
39195,3543,4950,1299,124,143,201,195
80808,6562,117,33,163,672,222,364
131670,16550,123,33,559,46,285,462
35910,12419,124,33,627,814,190,189
40596,3543,120,33,96,231,204,199
126936,13394,5317,1398,640,675,246,516
115038,13394,5318,1397,633,676,231,498
105750,2482,5322,1398,626,101,225,470
107256,2482,5323,1397,638,62,218,492
159239,19551,5319,1398,110,150,323,493
159249,19551,5321,1397,105,124,327,487
81795,5093,5315,1398,135,844,285,287
77837,5093,5314,1397,135,829,277,281
44730,22346,883,233,656,837,213,210
54450,3482,876,233,130,300,275,198
78372,27732,884,233,563,269,311,252
52670,29666,880,233,80,853,230,229
135564,16550,1248,333,123,215,286,474
143080,16550,1246,331,589,577,292,490
31122,12419,1245,333,690,275,182,171
34034,12419,1244,331,117,859,187,182
45792,4542,1251,333,157,892,216,212
41600,4542,1250,331,617,169,208,200
46440,3543,1242,333,645,920,216,215
42224,3543,1240,331,141,144,208,203
54026,16547,2732,718,582,190,238,227
113148,31704,2727,718,636,729,252,449
29784,1899,2726,718,140,271,204,146
35512,21770,2721,718,126,848,193,184
32942,21025,4065,1071,104,835,182,181
51296,16547,4061,1071,615,161,229,224
31311,1899,4068,1071,595,854,213,147
34038,21770,4062,1071,100,196,186,183
116584,13394,4031,1061,591,713,236,494
123318,13394,4030,1062,600,707,234,527
167442,22626,4024,1061,59,84,354,473
170924,22626,4025,1062,67,99,346,494
65535,25437,4026,1061,122,809,255,257
69680,25437,4028,1062,124,823,260,268
99470,2482,4034,1061,607,42,203,490
93969,2482,4032,1062,606,77,197,477
45154,22346,3836,1011,695,863,214,211
60250,16261,3830,1011,167,835,250,241
51490,3482,3831,1011,126,271,271,190
82782,25468,3838,1011,572,231,378,219
39424,19860,662,177,86,826,224,176
61446,3482,665,177,565,841,266,231
129636,30307,668,177,101,79,277,468
47300,29666,660,177,609,198,220,215
52820,3482,4270,1122,601,844,278,190
54040,3482,4269,1120,575,812,280,193
48391,29666,4273,1122,620,174,223,217
46224,29666,4272,1120,594,171,216,214
44290,28762,4265,1122,156,204,215,206
41790,28762,4263,1120,140,196,210,199
104100,25468,4267,1122,83,831,347,300
106554,25468,4268,1120,49,787,354,301
31504,21025,4576,1202,137,855,176,179
30621,21025,4577,1203,676,284,177,173
53788,16547,4585,1202,613,224,238,226
57117,16547,4584,1203,134,807,241,237
32130,12246,4582,1202,609,845,210,153
30247,12246,4583,1203,184,309,203,149
41600,3543,4578,1202,160,196,208,200
46221,3543,4580,1203,623,870,217,213
56430,44198,1712,453,625,813,209,270
58695,44198,1711,451,598,782,215,273
146952,16550,1704,453,542,135,314,468
138774,16550,1702,451,518,121,303,458
33672,1899,1705,453,168,247,184,183
32942,1899,1706,451,149,241,181,182
89816,29450,1710,453,74,843,412,218
94976,29450,1709,451,33,803,424,224
117110,2482,2712,715,593,70,245,478
103360,3742,2709,715,118,786,323,320
161868,19551,2717,715,95,104,329,492
105985,12080,2719,715,99,708,235,451
61488,25437,1767,466,527,160,244,252
65792,25437,1765,467,153,860,257,256
110025,2482,1772,466,107,650,225,489
104901,2482,1771,467,599,82,219,479
101632,22361,1762,466,91,101,256,397
104295,22361,1763,467,597,742,255,409
158884,23222,1768,466,522,616,314,506
150975,23222,1770,467,112,89,305,495
62484,25437,2601,686,561,195,246,254
69687,25437,2602,687,120,831,261,267
135900,2482,2596,686,71,650,300,453
134200,2482,2597,687,565,149,305,440
159430,6191,2599,686,556,656,298,535
154521,6191,2598,687,104,39,291,531
96276,12080,2605,686,69,116,226,426
117000,12080,2604,687,652,709,250,468
62965,25437,4013,1059,571,186,245,257
168840,12777,4015,1059,538,624,335,504
112547,2482,4019,1059,86,677,241,467
95920,4377,4020,1059,80,100,218,440
170376,22626,5298,1391,468,614,372,458
61992,25437,5293,1391,524,159,246,252
110322,2482,5297,1391,105,649,227,486
101772,22361,5290,1391,91,104,257,396
50112,3482,2091,550,560,811,288,174
151938,30307,2084,550,66,125,367,414
48336,27652,2088,550,63,811,228,212
46008,20237,2080,550,598,175,216,213
44202,44198,2801,737,635,800,159,278
41850,44198,2800,736,207,232,155,270
139712,16550,2794,737,617,102,296,472
153745,16550,2793,736,64,670,317,485
112548,31704,2798,737,171,679,249,452
104580,31704,2797,736,569,177,252,415
25092,1899,2803,737,106,270,204,123
28968,1899,2802,736,680,879,213,136
102546,2482,3991,1052,613,75,211,486
104562,4377,3993,1052,600,702,222,471
80372,5093,3997,1052,108,812,283,284
174750,23222,3988,1052,82,111,375,466
57378,3482,1310,348,173,276,262,219
176816,25366,1302,348,521,697,344,514
34300,27776,1303,348,638,293,175,196
36284,16231,1307,348,154,829,188,193
40533,19860,406,111,91,827,229,177
104160,35205,409,111,556,87,280,372
59964,3482,405,111,572,838,263,228
174191,25366,414,111,28,42,373,467
94872,35205,3957,1042,192,186,236,402
36099,3350,3960,1042,436,856,189,191
89577,18356,3954,1042,607,221,269,333
81328,41767,976,261,607,744,272,299
83979,41767,975,260,563,652,279,301
51296,20237,979,261,137,820,229,224
53128,20237,978,260,93,731,232,229
34404,3350,973,261,406,203,183,188
35696,3350,972,260,364,143,184,194
123522,13394,4892,1283,637,675,238,519
102770,2482,4885,1283,661,109,215,478
110223,3742,4889,1283,117,840,331,333
170748,19551,4894,1283,117,126,324,527
56640,16547,4803,1260,607,789,240,236
51072,16547,4802,1259,136,246,228,224
34571,12246,4810,1260,166,767,181,191
32745,12246,4808,1259,616,321,177,185
40590,4542,4801,1260,608,191,205,198
45582,4542,4800,1259,137,866,214,213
39996,3543,4806,1260,117,168,202,198
46872,3543,4807,1259,654,888,216,217
200448,34596,2093,554,543,688,432,464
51597,3482,2102,554,125,272,273,189
37635,16231,2097,554,164,856,195,193
83877,25468,2099,554,570,231,383,219
31140,21025,542,144,684,274,180,173
62068,44198,534,144,646,861,263,236
58072,16547,538,144,122,868,244,238
28290,1899,537,144,188,272,205,138
188600,34596,1169,314,28,41,460,410
56280,3482,1174,314,647,755,210,268
49275,29666,1172,314,624,184,225,219
80934,20876,1177,314,69,797,329,246
49824,3482,2292,606,559,812,288,173
47748,3482,2290,604,131,289,276,173
47686,27652,2299,606,63,811,226,211
43382,27652,2300,604,670,255,218,199
40986,28762,2298,606,129,239,207,198
46842,28762,2296,604,631,819,222,211
44770,36636,2294,606,616,203,185,242
50115,36636,2293,604,151,802,195,257
56368,3482,2922,771,625,719,208,271
55167,3482,2924,769,143,293,213,259
56490,3482,2923,770,651,749,210,269
147396,30307,2921,771,50,189,426,346
162235,30307,2919,769,498,694,457,355
151032,30307,2920,770,60,211,434,348
34404,16231,2928,771,627,222,188,183
37436,16231,2929,769,134,847,196,191
34368,16231,2930,770,656,232,192,179
80344,20876,2925,771,85,725,332,242
76845,20876,2927,769,544,294,327,235
77024,20876,2926,770,116,766,332,232
79134,6562,4254,1117,162,666,218,363
50850,16547,4251,1117,618,143,226,225
42212,29870,4261,1117,605,791,173,244
41000,3543,4257,1117,92,198,205,200
41756,44198,2557,673,579,864,286,146
51959,16547,2550,673,595,140,233,223
126616,27925,2555,673,135,665,266,476
25984,1899,2547,673,156,249,203,128
84534,35205,4562,1195,586,137,219,386
60342,3482,4557,1195,540,777,267,226
36668,27776,4556,1195,147,776,178,206
40976,28762,4551,1195,146,173,208,197
57028,3482,2514,666,652,750,212,269
44268,28762,2517,666,147,189,217,204
45682,36636,2513,666,633,209,182,251
76028,20876,2522,666,116,769,332,229
179607,12777,2142,567,21,122,411,437
195800,12777,2141,566,510,644,440,445
118250,2482,2144,567,626,34,250,473
121187,2482,2145,566,58,695,253,479
77841,5093,2150,567,104,799,279,279
72628,5093,2151,566,551,190,271,268
106690,12080,2148,567,641,688,235,454
95667,12080,2147,566,74,129,223,429
96882,2482,3118,821,629,31,201,482
103964,3742,3116,821,129,802,329,316
101250,4377,3121,821,590,702,225,450
160204,19551,3112,821,128,69,331,484
117196,35205,1374,366,531,715,353,332
123783,35205,1373,365,487,624,363,341
95381,32309,1377,366,135,762,253,377
98136,32309,1376,365,89,666,261,376
33672,3350,1371,366,382,229,183,184
33294,3350,1370,365,342,172,179,186
92708,18109,3666,964,47,755,308,301
89280,18109,3667,965,79,802,310,288
53336,16547,3662,964,588,172,236,226
54026,16547,3660,965,619,177,238,227
113500,31704,3663,964,599,697,250,454
113400,31704,3665,965,619,732,252,450
28482,1899,3657,964,114,224,202,141
28152,1899,3658,965,131,231,204,138
128894,29344,2849,748,92,708,289,446
124202,29344,2847,749,129,750,281,442
46368,44198,2846,748,638,806,161,288
45756,44198,2844,749,663,839,164,279
53110,16547,2842,748,574,232,235,226
54480,16547,2841,749,601,243,240,227
25600,1899,2838,748,159,258,128,200
26268,1899,2839,749,178,268,132,199
108800,35205,3919,1032,126,733,272,400
101400,35205,3920,1031,597,127,260,390
199704,34596,3913,1032,479,654,471,424
182000,34596,3912,1031,60,181,455,400
53929,3482,3915,1032,122,307,271,199
57540,3482,3916,1031,610,791,274,210
80332,27732,3911,1032,564,262,302,266
87848,27732,3910,1031,124,765,316,278
54480,16547,4459,1172,607,784,240,227
47520,10220,4461,1172,127,831,220,216
40392,4542,4464,1172,672,154,204,198
42016,3543,4469,1172,138,188,208,202
37518,19860,2879,757,125,864,222,169
60060,3482,2880,757,599,868,260,231
179692,31884,2876,757,97,46,334,538
39900,36636,2871,757,618,202,266,150
44505,22346,5478,1443,651,892,215,207
54128,3482,5480,1443,121,307,272,199
79124,27732,5475,1443,560,256,302,262
48330,36636,5473,1443,100,881,270,179
50400,3482,4481,1175,558,811,288,175
155288,30307,4471,1175,30,61,376,413
47264,27652,4475,1175,61,810,224,211
46870,29666,4477,1175,604,177,218,215
142141,16550,4430,1162,648,211,307,463
97662,29450,4427,1162,105,252,397,246
52891,10220,4422,1162,99,845,233,227
45796,3543,4431,1162,668,884,214,214
62244,16261,2830,746,18,707,252,247
93220,32309,2833,746,599,636,236,395
33294,3350,2836,746,397,138,179,186
55388,16547,41,11,643,225,244,227
52884,16547,40,12,616,216,234,226
33304,1899,45,11,168,249,184,181
32580,1899,44,12,149,242,181,180
35696,21770,38,11,157,841,194,184
36075,21770,39,12,124,808,195,185
90688,29450,48,11,490,847,416,218
93060,29450,47,12,460,811,423,220
137555,16550,3021,796,616,241,305,451
51840,27992,3030,796,151,254,324,160
44943,4542,3027,796,146,867,213,211
46221,3543,3026,796,619,868,217,213
57960,3482,4990,1310,608,791,276,210
86112,27732,4992,1310,130,776,312,276
48530,29666,4998,1310,668,182,230,211
42824,28762,4997,1310,194,195,212,202
57596,16547,289,76,108,847,242,238
54026,16547,290,78,639,180,238,227
53118,16547,291,77,609,174,234,227
119016,27925,286,76,145,144,261,456
123420,27925,288,78,602,674,255,484
127368,27925,287,77,572,629,261,488
28968,1899,280,76,629,893,213,136
25326,1899,282,78,158,251,201,126
25146,1899,281,77,142,242,198,127
34390,21770,284,76,643,312,190,181
35717,21770,285,78,158,811,191,187
36855,21770,283,77,125,775,195,189
202050,34596,5611,1475,489,705,450,449
54742,3482,5606,1475,122,307,271,202
80936,27732,5605,1475,564,262,302,268
47793,36636,5601,1475,101,882,267,179
38475,19860,5673,1496,643,277,225,171
37910,19860,5672,1495,118,863,223,170
167680,34596,5682,1496,607,648,320,524
156354,34596,5683,1495,76,79,309,506
54366,3482,5679,1496,159,214,246,221
59598,3482,5678,1495,594,871,258,231
52664,29666,5676,1496,118,839,232,227
48832,29666,5675,1495,639,203,224,218
63240,16261,834,221,127,676,255,248
55692,16261,833,220,558,312,238,234
84560,41767,837,221,563,650,280,302
78925,41767,836,220,107,285,275,287
36278,3350,831,221,362,144,187,194
36672,3350,830,220,384,895,191,192
130790,33879,50,14,7,682,451,290
35532,3350,56,14,317,186,189,188
38021,16231,53,14,605,706,197,193
34410,3350,231,63,366,214,186,185
36290,3350,229,61,422,885,190,191
119966,18146,234,63,134,638,287,418
107800,18146,232,61,559,252,275,392
50250,36636,228,63,583,741,201,250
49086,36636,226,61,196,326,202,243
55460,29666,5119,1343,568,764,236,235
50844,29666,5118,1342,145,244,228,223
51750,29666,5120,1344,605,855,230,225
35526,3350,5113,1343,362,111,186,191
37440,3350,5112,1342,382,932,195,192
34595,3350,5114,1344,405,165,185,187
108966,18146,5116,1343,76,547,254,429
102339,18146,5115,1342,603,239,249,411
112309,18146,5117,1344,117,632,257,437
85666,35205,504,133,106,687,203,422
48024,3482,496,133,133,288,276,174
44000,27652,506,133,672,255,220,200
199555,31884,501,133,582,691,373,535
107415,20013,2967,781,578,278,341,315
35910,3350,2973,781,409,857,189,190
35720,22073,2970,781,168,308,188,190
56588,38161,5690,1498,584,270,188,301
60255,38161,5691,1499,153,639,195,309
57624,41767,5684,1498,68,287,343,168
65320,41767,5685,1499,531,766,355,184
37056,3350,5687,1498,437,862,193,192
34965,3350,5688,1499,310,175,185,189
54315,3482,1405,375,144,289,213,255
56368,3482,1407,373,622,722,208,271
52664,29666,1409,375,134,859,232,227
47294,29666,1410,373,597,182,221,214
199820,25366,1403,375,497,745,412,485
182422,25366,1404,373,86,22,394,463
79950,20876,1401,375,594,259,325,246
83385,20876,1399,373,39,753,327,255
40976,22346,4075,1074,130,207,208,197
45144,22346,4076,1072,654,864,216,209
58565,3482,4079,1074,564,813,265,221
58565,3482,4078,1072,174,274,265,221
34825,27776,4080,1074,177,812,175,199
34547,27776,4082,1072,639,297,179,193
46376,36636,4073,1074,666,180,187,248
48705,36636,4071,1072,129,827,191,255
159576,22626,5010,1313,551,660,327,488
151034,22626,5012,1314,77,93,314,481
113280,5885,5002,1313,112,78,236,480
125488,5885,5003,1314,603,685,248,506
118910,2482,5007,1313,70,692,253,470
119734,2482,5009,1314,608,87,262,457
73710,5093,5005,1313,549,185,273,270
79806,5093,5006,1314,112,818,283,282
126690,13394,3345,881,654,669,246,515
109504,2482,3337,881,623,95,232,472
81224,5093,3344,881,150,847,284,286
159135,23222,3339,881,122,118,309,515
52076,3482,453,123,601,845,277,188
51952,3482,452,121,126,270,272,191
47952,29666,454,123,620,174,222,216
52899,29666,456,121,139,871,231,229
182360,25366,450,123,71,107,376,485
189696,25366,448,121,557,661,384,494
104748,25468,457,123,84,830,348,301
93673,25468,458,121,574,193,331,283
60609,3482,4574,1200,539,780,267,227
47925,20237,4571,1200,574,191,225,213
37286,27776,4565,1200,144,777,181,206
42009,28762,4566,1200,113,207,209,201
32218,21025,5355,1409,125,865,181,178
32578,21025,5356,1410,91,832,182,179
54970,16547,5362,1409,671,221,239,230
53124,16547,5360,1410,641,211,233,228
28560,1899,5365,1409,609,901,210,136
30459,1899,5364,1410,581,867,213,143
42000,33207,5359,1409,124,168,210,200
40170,33207,5357,1410,111,161,206,195
92678,18109,4848,1271,14,692,311,298
52891,16547,4840,1271,601,170,233,227
126420,27925,4846,1271,570,629,258,490
25400,1899,4844,1271,142,241,200,127
59272,44198,514,137,625,831,248,239
63744,44198,516,138,594,792,256,249
139712,16550,518,137,605,117,296,472
135700,16550,519,138,572,106,295,460
29550,1899,509,137,139,271,197,150
29700,1899,510,138,121,259,198,150
96760,33008,513,137,104,797,328,295
100868,33008,512,138,71,744,334,302
128500,13394,2433,643,644,673,250,514
115876,13394,2435,645,636,676,236,491
107371,2482,2440,643,654,108,227,473
106166,2482,2441,645,664,74,218,487
111556,3742,2437,643,129,845,334,334
104329,3742,2438,645,127,834,323,323
171108,6191,2443,643,143,53,294,582
147108,6191,2444,645,159,58,276,533
40356,19860,1938,513,89,827,228,177
37570,19860,1936,512,124,864,221,170
59998,3482,1931,513,571,840,262,229
60580,3482,1932,512,598,867,260,233
176436,25366,1933,513,29,17,377,468
186331,25366,1935,512,41,28,389,479
40092,36636,1929,513,593,193,257,156
39900,36636,1928,512,619,201,266,150
57681,3482,1351,360,177,274,261,221
59964,3482,1352,358,537,778,263,228
51756,29666,1357,360,128,882,228,227
46221,29666,1359,358,603,161,217,213
199764,31884,1350,360,551,671,372,537
183923,31884,1348,358,68,23,349,527
33408,27776,1354,360,639,298,174,192
37080,27776,1356,358,144,773,180,206
72080,6562,2482,655,589,237,212,340
80373,6562,2481,657,158,666,219,367
170505,16550,2488,655,39,673,421,405
151904,16550,2489,657,515,167,404,376
32856,33877,2478,655,149,306,222,148
33434,33877,2480,657,602,810,229,146
46225,3543,2485,655,636,875,215,215
40803,3543,2486,657,134,183,203,201
92440,18109,4333,1137,45,744,308,300
128112,16550,4325,1137,581,44,272,471
30807,1899,4327,1137,135,245,189,163
80391,33008,4329,1137,521,792,381,211
108256,35205,2737,723,125,735,272,398
101660,35205,2736,722,597,127,260,391
53730,3482,2735,723,122,307,270,199
57750,3482,2734,722,608,790,275,210
79534,27732,2741,723,566,262,299,266
86900,27732,2740,722,123,765,316,275
211928,31884,2742,723,470,591,449,472
213428,31884,2743,722,84,193,458,466
65025,25437,203,52,131,841,255,255
111294,5885,193,52,600,685,229,486
95274,2482,199,52,667,71,201,474
172536,6191,197,52,101,85,364,474
53110,16261,3891,1024,603,188,235,226
57120,3482,3896,1024,625,719,210,272
42218,28762,3888,1024,118,196,209,202
79680,20876,3898,1024,85,726,332,240
38986,22346,4210,1106,96,204,202,193
45570,22346,4209,1107,671,860,217,210
92476,35205,4213,1106,575,122,244,379
109874,35205,4214,1107,122,734,274,401
58236,3482,4204,1106,579,758,276,211
53460,3482,4205,1107,123,308,270,198
90804,27732,4206,1106,86,728,322,282
80100,27732,4208,1107,565,262,300,267
37230,19860,3037,801,639,276,219,170
40002,19860,3038,800,92,827,226,177
54587,3482,3043,801,151,218,247,221
59998,3482,3044,800,572,838,262,229
51754,20237,3035,801,112,856,229,226
46860,20237,3034,800,615,185,220,213
48578,28762,3039,801,603,886,227,214
41160,28762,3040,800,151,174,210,196
96924,2482,1326,354,83,642,197,492
96228,2482,1325,353,650,83,198,486
155675,19551,1334,354,506,579,325,479
155848,19551,1335,353,110,147,322,484
70752,5093,1331,354,523,150,268,264
76450,5093,1330,353,139,848,278,275
99792,22361,1329,354,81,74,252,396
104192,22361,1328,353,607,780,256,407
164700,12777,2154,570,109,129,305,540
160062,12777,2152,568,108,115,309,518
111618,2482,2161,570,586,99,234,477
117369,2482,2162,568,595,68,243,483
108570,3742,2159,570,119,796,330,329
103360,3742,2160,568,118,786,323,320
115150,12080,2156,570,606,713,245,470
106672,12080,2157,568,599,707,236,452
192918,34596,2609,690,412,628,474,407
183675,34596,2608,689,116,216,465,395
54944,3482,2617,690,121,306,272,202
58025,3482,2616,689,608,791,275,211
79765,27732,2610,690,564,262,301,265
87492,27732,2612,689,123,766,317,276
52896,20237,2615,690,113,853,232,228
49932,20237,2614,689,642,189,228,219
60993,16261,1382,368,542,732,251,243
58310,16261,1383,369,585,825,245,238
57810,16261,1381,367,153,263,246,235
127008,3831,1385,368,2,597,288,441
120400,3831,1386,369,47,695,280,430
120275,3831,1384,367,644,177,283,425
34216,3350,1379,368,335,161,182,188
33123,3350,1380,369,377,219,183,181
37050,3350,1378,367,416,878,190,195
135952,16550,4794,1255,568,90,293,464
142846,16550,4795,1257,598,104,302,473
115164,31704,4793,1255,598,693,252,457
113703,31704,4792,1257,621,731,251,453
30178,1899,4798,1255,167,244,158,191
30996,1899,4799,1257,185,254,164,189
25599,19606,4788,1255,142,862,161,159
24174,19606,4790,1257,175,895,158,153
141036,16550,602,161,97,490,292,483
19320,23202,611,161,626,821,138,140
41004,4542,605,161,600,146,204,201
39999,3543,608,161,143,172,201,199
60009,16261,1390,370,166,832,249,241
54273,16261,1392,371,546,188,237,229
192262,34596,1387,370,532,677,443,434
185680,34596,1388,371,5,109,440,422
51490,3482,1395,370,126,271,271,190
54600,3482,1394,371,576,810,280,195
82186,25468,1398,370,573,232,377,218
85085,25468,1396,371,12,812,385,221
40582,22346,5325,1399,135,219,206,197
38986,22346,5326,1400,119,212,202,193
52264,3482,5332,1399,601,845,278,188
54320,3482,5331,1400,575,811,280,194
47957,29666,5336,1399,621,174,221,217
46870,29666,5335,1400,593,170,218,215
104146,25468,5329,1399,84,831,346,301
106606,25468,5328,1400,49,786,353,302
34038,3350,1129,303,350,220,186,183
37249,3350,1127,301,438,879,193,193
88179,19231,1132,303,142,736,273,323
85365,19231,1130,301,557,238,271,315
51980,36636,1135,303,609,803,230,226
50600,36636,1133,301,141,296,230,220
193534,34596,2917,767,17,39,418,463
56280,3482,2908,767,650,751,210,268
45612,36636,2914,767,634,208,181,252
75570,20876,2910,767,117,768,330,229
53808,16547,5503,1448,674,249,236,228
98646,29450,5498,1448,103,251,401,246
52200,10220,5496,1448,100,847,232,225
45582,3543,5505,1448,668,884,214,213
32760,3350,2507,663,414,220,180,182
42025,31862,2510,663,595,814,205,205
36670,16231,2504,663,86,832,193,190
85800,18109,378,101,611,222,300,286
58776,16547,380,101,128,894,248,237
35811,1899,374,101,643,854,207,173
77121,33008,371,101,86,257,369,209
37180,19860,217,59,127,865,220,169
109910,35205,224,59,581,97,290,379
186126,34596,215,59,51,73,402,463
60060,3482,222,59,601,866,260,231
56168,16547,4322,1134,109,784,238,236
54036,16547,4320,1133,142,828,237,228
51296,16547,4321,1132,617,248,229,224
53953,27992,4313,1134,497,855,331,163
53600,27992,4312,1133,522,888,335,160
52003,27992,4311,1132,150,253,323,161
40795,4542,4317,1134,602,189,205,199
42432,4542,4319,1133,629,190,208,204
44520,4542,4318,1132,145,868,212,210
39999,3543,4315,1134,149,188,201,199
42622,3543,4314,1133,162,197,211,202
46438,3543,4316,1132,619,867,217,214
37288,21324,5665,1494,638,810,158,236
34410,3350,5668,1494,410,193,185,186
131480,18146,5671,1494,98,632,346,380
69954,25437,1087,290,146,857,262,267
107172,2482,1083,290,597,120,234,458
161541,6191,1090,290,88,43,279,579
108968,22361,1092,290,597,743,257,424
128894,29344,320,87,612,716,289,446
53562,16547,322,87,600,265,237,226
26200,1899,315,87,181,266,131,200
35904,21770,317,87,183,883,192,187
54970,16547,1508,402,632,127,239,230
31442,1899,1506,402,152,255,199,158
42622,33207,1515,402,641,805,211,202
81524,33008,1512,402,50,825,356,229
40228,19860,3065,806,85,825,226,178
37740,19860,3063,805,119,864,222,170
61712,3482,3061,806,565,841,266,232
60320,3482,3062,805,593,871,260,232
47520,29666,3058,806,609,198,220,216
49056,29666,3059,805,63,203,224,219
142984,25366,3055,806,62,31,293,488
155848,25366,3054,805,75,36,308,506
52658,16547,137,35,578,222,233,226
54253,16547,138,36,604,232,239,227
57121,16547,136,34,144,799,239,239
32761,1899,134,35,148,241,181,181
33488,1899,135,36,167,248,184,182
35910,1899,133,34,644,845,189,190
110704,29450,132,35,471,779,407,272
106793,29450,131,36,505,816,397,269
103488,29450,130,34,108,218,392,264
25754,19606,128,35,142,848,163,158
24490,19606,129,36,177,880,158,155
23250,19606,127,34,657,287,155,150
103412,35205,5421,1423,136,707,251,412
57902,3482,5417,1423,172,274,262,221
202020,31884,5411,1423,520,616,370,546
34320,27776,5415,1423,639,293,176,195
96524,35205,1522,403,89,282,409,236
96350,35205,1524,405,479,793,410,235
37248,3350,1516,403,389,896,192,194
34596,3350,1518,405,400,202,186,186
110088,18146,1519,403,632,214,278,396
114401,18146,1521,405,63,682,277,413
53345,16547,5108,1339,563,207,235,227
51300,16547,5106,1341,535,200,228,225
114103,31704,5104,1339,619,737,253,451
113295,31704,5103,1341,597,701,249,455
30396,1899,5100,1339,145,264,204,149
29700,1899,5102,1341,128,257,198,150
49728,24849,5110,1339,116,853,296,168
51428,24849,5111,1341,84,816,299,172
32942,3350,5428,1428,379,217,182,181
33666,3350,5427,1427,338,160,181,186
36288,3350,5426,1426,413,883,189,192
87579,19231,5431,1428,146,806,333,263
89496,19231,5430,1427,103,704,339,264
83640,19231,5429,1426,497,235,328,255
36860,16231,5425,1428,632,823,194,190
38600,16231,5424,1427,592,730,200,193
37627,16231,5423,1426,155,308,197,191
56608,16261,3203,843,588,225,244,232
54026,16261,3201,841,563,219,238,227
183150,34596,3197,843,71,159,450,407
184704,34596,3196,841,56,125,444,416
58575,3482,3194,843,608,789,275,213
57540,3482,3192,841,578,760,274,210
86900,27732,3198,843,123,766,316,275
90482,27732,3200,841,85,728,322,281
37056,3350,2326,613,401,887,192,193
80444,19231,2329,613,523,197,238,338
35717,22073,2323,613,123,308,187,191
86884,35205,958,255,502,848,428,203
94178,35205,957,254,457,748,434,217
124803,33879,952,255,78,762,441,283
133644,33879,951,254,35,662,444,301
33124,3350,955,255,346,254,182,182
34965,3350,954,254,305,191,185,189
35910,3350,5526,1454,292,133,189,190
98895,18356,5523,1454,610,552,285,347
265500,16687,5520,1454,33,520,450,590
54016,3482,3323,876,143,292,211,256
211554,31884,3316,876,403,591,438,483
37436,16231,3314,876,135,846,196,191
76191,20876,3320,876,544,294,327,233
51060,16547,694,184,594,292,230,222
18492,23202,700,184,209,314,134,138
43890,4542,699,184,149,915,209,210
44944,3543,703,184,629,886,212,212
50575,3482,1000,267,558,812,289,175
47488,27652,994,267,61,810,224,212
178321,25366,1001,267,5,88,377,473
34038,16231,997,267,621,223,186,183
81600,41767,1153,309,603,695,272,300
82584,41767,1151,307,108,319,279,296
34410,3350,1156,309,331,266,185,186
35712,3350,1154,307,463,831,186,192
47872,36636,1150,309,161,801,187,256
46872,36636,1148,307,618,257,186,252
37620,19860,3418,902,638,278,220,171
40179,19860,3419,903,91,827,227,177
36907,19860,3417,901,126,866,221,167
55056,3482,3425,902,150,219,248,222
59769,3482,3424,903,573,838,261,229
59570,3482,3423,901,601,867,259,230
145008,30307,3428,902,607,636,304,477
131692,30307,3427,903,77,133,292,451
141984,30307,3426,901,92,148,306,464
51302,20237,3420,902,114,857,227,226
47286,20237,3421,903,615,186,222,213
49476,20237,3422,901,643,189,228,217
57330,3482,1573,418,609,792,273,210
87255,27732,1580,418,124,766,315,277
49932,20237,1577,418,643,188,228,219
188580,25366,1584,418,12,93,449,420
77469,6562,2859,751,198,714,217,357
72292,6562,2861,753,582,231,212,341
54036,16547,2850,751,586,142,237,228
57600,16547,2852,753,160,887,240,240
70686,27992,2853,751,577,816,306,231
69441,27992,2855,753,126,254,293,237
41800,3543,2858,751,108,205,209,200
47085,3543,2857,753,676,861,219,215
130572,22626,2529,669,29,184,468,279
70747,25437,2525,669,123,832,263,269
129034,2482,2533,669,568,155,298,433
117684,12080,2528,669,657,707,252,467
65024,25437,3554,935,110,828,256,254
63468,25437,3553,934,570,186,246,258
110675,2482,3550,935,618,62,233,475
112320,2482,3551,934,85,676,240,468
104193,4377,3548,935,639,703,227,459
96360,4377,3547,934,80,102,220,438
152830,19551,3544,935,117,164,310,493
154567,19551,3543,934,514,546,311,497
40779,22346,5198,1368,122,236,207,197
48140,3482,5206,1368,583,845,290,166
45732,27652,5199,1368,94,853,222,206
48160,29666,5204,1368,632,179,224,215
62496,16261,592,158,137,831,252,248
58386,3482,600,158,173,273,263,222
196578,25366,596,158,480,682,402,489
34496,27776,590,158,639,292,176,196
57420,3482,4179,1099,176,275,261,220
213426,31884,4189,1099,511,628,426,501
33582,27776,4184,1099,638,297,174,193
48705,36636,4186,1099,130,827,191,255
58830,3482,1820,478,565,812,265,222
57860,3482,1821,480,174,275,263,220
182952,25366,1818,478,81,96,378,484
189526,25366,1817,480,543,675,386,491
35175,27776,1810,478,179,812,175,201
34300,27776,1812,480,638,296,175,196
46189,36636,1813,478,665,181,187,247
48768,36636,1815,480,129,829,192,254
64262,25437,3264,860,123,822,254,253
62230,25437,3266,859,557,193,245,254
128622,2482,3268,860,578,122,291,442
136052,2482,3267,859,69,651,301,452
162285,19551,3263,860,66,60,349,465
168861,19551,3261,859,531,673,357,473
109270,12080,3259,860,644,705,245,446
96021,12080,3258,859,67,121,227,423
54492,16261,3949,1040,546,189,239,228
54233,3482,3951,1040,575,811,281,193
42400,28762,3943,1040,108,205,212,200
84315,25468,3945,1040,11,813,385,219
52334,3482,2759,729,125,271,274,191
204414,25366,2760,729,526,621,434,471
38024,16231,2764,729,162,855,196,194
83439,25468,2767,729,571,232,381,219
138384,16550,4638,1217,62,580,279,496
139769,16550,4640,1218,90,631,287,487
135274,27925,4643,1217,549,601,283,478
132275,27925,4642,1218,577,640,275,481
45787,10220,4633,1217,602,195,217,211
47515,10220,4634,1218,629,198,221,215
40800,3543,4635,1217,110,194,204,200
42016,3543,4636,1218,125,203,208,202
149700,16550,815,216,99,693,300,499
112896,27925,811,216,609,160,252,448
28620,1899,808,216,629,895,212,135
41600,33207,812,216,177,269,208,200
61244,16261,1693,450,116,845,251,244
53808,16261,1694,448,594,178,236,228
196107,34596,1692,450,571,624,393,499
179334,34596,1690,448,33,96,369,486
49206,3482,1701,450,130,288,278,177
50225,3482,1699,448,560,811,287,175
44178,27652,1696,450,670,256,222,199
47488,27652,1698,448,62,809,224,212
118989,20013,1030,276,48,731,351,339
36150,21324,1036,276,623,753,150,241
34782,3350,1033,276,369,206,186,187
134540,33879,2307,609,94,707,310,434
129320,33879,2305,607,570,172,305,424
50844,29666,2304,609,630,814,228,223
51983,29666,2302,607,124,281,229,227
33485,3350,2310,609,382,254,185,181
36290,3350,2308,607,407,847,190,191
61005,16261,1288,343,135,832,249,245
58164,3482,1291,343,174,272,262,222
34125,27776,1299,343,640,292,175,195
46428,28762,1294,343,624,872,219,212
53118,16547,2200,580,610,117,234,227
54934,16547,2202,582,637,121,242,227
30807,1899,2203,580,134,244,189,163
31590,1899,2204,582,152,255,195,162
55752,24849,2207,580,130,775,184,303
55464,24849,2206,582,162,815,184,296
80430,33008,2211,580,518,791,383,210
74227,33008,2210,582,550,838,373,199
83790,41767,5410,1422,593,813,294,285
33670,3350,5407,1422,381,226,185,182
174632,16687,5404,1422,161,605,263,664
63736,44198,4146,1090,593,792,257,248
59750,44198,4148,1091,626,832,250,239
50848,16547,4143,1090,631,112,227,224
54036,16547,4144,1091,659,112,237,228
29898,1899,4151,1090,121,258,198,151
29353,1899,4149,1091,139,270,197,149
102175,33008,4153,1090,70,744,335,305
96432,33008,4152,1091,104,799,328,294
69948,25437,5529,1457,112,842,261,268
63726,25437,5528,1456,570,186,247,258
113867,2482,5537,1457,602,101,247,461
113270,2482,5538,1456,85,675,241,470
106116,4377,5531,1457,653,702,222,478
96798,4377,5532,1456,80,101,221,438
147609,23222,5536,1457,77,202,297,497
153918,23222,5534,1456,560,537,306,503
39952,19860,4676,1225,91,828,227,176
104160,35205,4679,1225,555,85,280,372
59052,3482,4668,1225,574,838,259,228
164164,31884,4671,1225,109,0,308,533
81540,41767,1602,426,605,735,270,302
76608,41767,1600,424,117,289,266,288
83022,41767,1601,425,561,643,274,303
40920,21324,1599,426,180,812,186,220
38340,21324,1597,424,609,291,180,213
41255,21324,1598,425,139,725,185,223
33855,3350,1605,426,339,226,185,183
35335,3350,1603,424,455,873,185,191
35340,3350,1604,425,298,166,186,190
41370,22346,5304,1394,103,201,210,197
56376,16261,5307,1394,603,192,243,232
57552,3482,5312,1394,567,816,264,218
34650,27776,5302,1394,177,814,175,198
105481,20013,2038,538,573,239,337,313
59496,38161,2041,538,151,216,201,296
36480,3350,2035,538,427,908,190,192
32940,21025,4109,1083,90,832,183,180
31320,21025,4108,1082,683,274,180,174
56224,44198,4111,1083,78,177,251,224
62094,44198,4110,1082,647,861,262,237
143464,16550,4113,1083,455,188,454,316
157716,16550,4114,1082,49,719,468,337
31098,1899,4117,1083,580,866,213,146
27876,1899,4118,1082,188,274,202,138
42228,21324,5646,1487,170,736,204,207
39597,21324,5645,1486,559,296,201,197
34587,3350,5652,1487,351,148,183,189
36099,3350,5651,1486,399,893,189,191
44298,31862,5649,1487,591,742,207,214
42849,31862,5648,1486,146,289,207,207
60996,38161,1855,490,597,243,221,276
59891,38161,1857,492,152,798,221,271
64680,38161,1856,491,108,703,231,280
48174,13899,1858,490,144,307,217,222
48600,13899,1860,492,621,789,216,225
50830,13899,1859,491,582,700,221,230
37442,3350,1861,490,402,880,194,193
33666,3350,1863,492,383,219,186,181
34038,3350,1862,491,344,157,183,186
101222,2482,5042,1321,608,88,214,473
171182,6191,5037,1321,126,132,341,502
103840,4377,5045,1321,600,702,220,472
80655,5093,5034,1321,108,813,285,283
155430,22626,1147,305,524,605,314,495
148490,22626,1146,306,102,116,310,479
105350,2482,1142,305,96,692,215,490
97000,2482,1143,306,631,29,200,485
95130,3742,1137,305,484,151,315,302
104280,3742,1138,306,128,802,330,316
97461,4377,1139,305,136,104,221,441
102831,4377,1141,306,588,702,227,453
146520,16550,3648,963,42,637,296,495
141912,16550,3650,961,655,122,292,486
35720,1899,3651,963,643,845,188,190
33672,1899,3652,961,167,247,184,183
101918,29450,3647,963,109,219,389,262
108129,29450,3645,961,504,814,399,271
23250,19606,3655,963,656,287,155,150
24335,19606,3654,961,177,879,157,155
57071,3482,253,67,567,815,263,217
59625,3482,254,69,540,777,265,225
158976,30307,249,67,56,119,432,368
148985,30307,248,69,46,101,415,359
34825,27776,244,67,179,812,175,199
36312,27776,246,69,147,776,178,204
34965,16231,251,67,642,250,189,185
33124,16231,252,69,616,240,182,182
99462,35205,106,30,140,707,242,411
57681,3482,112,30,174,275,261,221
196729,25366,105,30,566,726,409,481
34692,27776,109,30,638,293,177,196
92856,32309,2457,649,619,186,318,292
103342,32309,2459,651,28,801,326,317
37054,3350,2463,649,381,851,191,194
33488,3350,2465,651,410,233,182,184
41238,36636,2460,649,117,244,261,158
42771,36636,2462,651,600,915,269,159
94218,32309,5257,1382,540,718,383,246
36646,21324,5263,1382,48,808,251,146
33660,3350,5260,1382,343,182,180,187
53788,16261,4279,1124,563,220,238,226
58447,3482,4276,1124,578,759,277,211
90482,27732,4282,1124,86,727,322,281
180180,25366,4284,1124,52,140,429,420
61997,16261,1462,388,108,832,251,247
201868,34596,1456,388,499,660,463,436
54825,3482,1467,388,141,292,215,255
77973,20876,1461,388,542,293,329,237
184836,34596,4035,1063,47,99,438,422
53847,3482,4039,1063,576,812,279,193
47508,20237,4042,1063,590,190,222,214
85470,25468,4045,1063,13,813,385,222
84050,35205,2983,786,678,152,205,410
79799,35205,2982,784,650,140,199,401
46978,3482,2986,786,587,845,283,166
50225,3482,2985,784,559,812,287,175
46592,27652,2979,786,94,852,224,208
48138,27652,2980,784,62,810,226,213
191199,25366,2978,786,74,75,391,489
180025,25366,2976,784,59,60,379,475
62009,38161,5351,1406,129,269,251,259
129480,33879,5346,1406,558,195,309,420
36670,3350,5348,1406,411,869,190,193
51219,3482,3353,885,126,272,271,189
54040,3482,3352,884,575,811,280,193
47730,28762,3354,885,635,834,222,215
42009,28762,3355,884,124,222,209,201
37056,16231,3350,885,163,856,193,192
33670,16231,3349,884,603,213,185,182
82782,25468,3358,885,571,230,378,219
83877,25468,3357,884,12,814,383,219
119436,29344,4913,1289,622,568,269,444
114904,29344,4912,1288,111,283,271,424
89658,18109,4906,1289,78,762,306,293
87009,18109,4905,1288,613,249,299,291
54264,16547,4908,1289,566,142,238,228
58563,16547,4909,1288,183,885,241,243
26462,1899,4915,1289,181,265,131,202
27170,1899,4914,1288,685,808,130,209
57330,3482,3482,917,609,790,273,210
57475,3482,3480,918,579,759,275,209
88126,27732,3479,917,123,766,317,278
90763,27732,3478,918,85,727,323,281
187089,25366,3475,917,44,160,453,413
181376,25366,3474,918,29,133,436,416
35100,16231,3472,917,646,186,195,180
34780,16231,3473,918,619,177,188,185
95256,2482,312,84,639,62,196,486
103684,3742,305,84,122,826,322,322
158746,19551,303,84,117,117,322,493
107730,22361,308,84,599,734,266,405
39780,22346,2541,671,88,216,204,195
85800,35205,2545,671,588,112,220,390
54040,3482,2536,671,575,811,280,193
106353,25468,2540,671,51,786,351,303
139840,3831,3285,865,78,280,380,368
36863,3350,3288,865,444,867,191,193
220286,16687,3282,865,481,119,418,527
116883,5885,1433,383,99,65,243,481
188668,12777,1442,383,471,654,404,467
127746,2482,1439,383,52,683,282,453
97614,3742,1437,383,535,152,319,306
109200,35205,1783,470,122,734,273,400
93613,35205,1785,471,573,120,247,379
54400,3482,1779,470,121,307,272,200
58236,3482,1778,471,580,758,276,211
80668,27732,1775,470,565,262,301,268
89880,27732,1776,471,86,729,321,280
47300,28762,1781,470,631,846,220,215
40600,28762,1782,471,135,212,203,200
46695,3482,1448,386,588,846,283,165
50688,3482,1449,385,560,812,288,176
46161,27652,1454,386,95,853,223,207
47700,27652,1453,385,62,811,225,212
48608,20237,1452,386,623,177,224,217
45795,20237,1450,385,598,176,215,213
215130,31884,1445,386,87,86,426,505
209664,31884,1444,385,72,61,416,504
48024,3482,4235,1113,132,288,276,174
47595,3482,4234,1112,585,846,285,167
45000,27652,4230,1113,668,255,225,200
45747,27652,4232,1112,95,853,221,207
52437,29666,4238,1113,124,866,231,227
47936,29666,4236,1112,632,180,224,214
48564,28762,4229,1113,643,871,228,213
42400,28762,4228,1112,134,197,212,200
50050,3482,3588,946,559,811,286,175
47250,27652,3596,946,61,811,225,210
40779,28762,3599,946,168,173,207,197
33852,16231,3592,946,621,224,186,182
56394,16261,3252,856,591,307,241,234
36099,3350,3249,856,411,907,189,191
43056,31862,3255,856,160,285,207,208
38880,21324,730,194,168,665,160,243
36729,21324,731,195,209,754,159,231
51912,13899,735,194,555,706,206,252
49245,13899,736,195,594,799,201,245
36084,3350,732,194,362,199,186,194
33855,3350,733,195,404,266,185,183
149940,12777,709,187,84,114,294,510
150520,12777,708,188,563,578,284,530
94276,2482,705,187,649,86,196,481
99093,2482,706,188,83,643,201,493
75621,5093,714,187,137,847,277,273
70755,5093,716,188,524,150,267,265
104342,22361,711,187,604,780,257,406
101745,22361,712,188,80,69,255,399
61236,16261,85,22,116,846,252,243
49206,3482,79,22,131,287,278,177
44400,27652,82,22,671,255,222,200
197769,25366,88,22,541,700,429,461
119009,20013,5086,1334,6,619,349,341
116592,20013,5087,1335,47,700,347,336
34592,3350,5080,1334,348,119,184,188
34410,3350,5081,1335,388,174,185,186
51342,36636,5083,1334,589,691,199,258
49987,36636,5084,1335,628,778,193,259
97202,32309,2268,597,618,719,262,371
33670,3350,2262,597,391,220,185,182
36270,16231,2265,597,123,825,195,186
58236,3482,1237,329,579,759,276,211
57540,3482,1238,330,608,791,274,210
89958,27732,1235,329,93,733,319,282
86112,27732,1234,330,130,775,312,276
194556,31884,1229,329,88,55,372,523
207111,31884,1230,330,102,74,393,527
41664,36636,1233,329,594,205,248,168
43940,36636,1231,330,621,208,260,169
51726,16547,3412,899,650,257,233,222
117248,27925,3414,899,151,186,256,458
36000,12246,3409,899,159,871,180,200
47524,3543,3406,899,648,885,218,218
49764,3482,5373,1412,560,811,286,174
153816,30307,5375,1412,53,112,377,408
47264,27652,5371,1412,63,811,224,211
44770,36636,5367,1412,614,203,185,242
30448,21025,802,211,674,273,176,173
98532,18109,794,211,629,846,322,306
167719,16550,805,211,67,751,457,367
28341,1899,799,211,173,280,201,141
194327,34596,4339,1139,573,642,391,497
48198,3482,4336,1139,130,289,277,174
44000,27652,4344,1139,669,255,220,200
52210,20237,4342,1139,134,870,230,227
40762,19860,2245,590,90,827,229,178
54934,16261,2241,590,608,174,242,227
59964,3482,2237,590,572,839,263,228
163480,25366,2242,590,11,94,335,488
93524,35205,148,37,108,671,227,412
91840,35205,149,39,655,169,224,410
54438,3482,143,37,142,292,211,258
56759,3482,144,39,651,749,211,269
211120,31884,147,37,469,687,406,520
211500,31884,145,39,128,52,423,500
77315,20876,139,37,543,294,329,235
75900,20876,141,39,117,768,330,230
166470,16550,3688,971,39,768,358,465
155109,16550,3689,970,598,23,347,447
119340,27925,3686,971,143,144,260,459
124185,27925,3685,970,601,672,255,487
28755,1899,3679,971,629,892,213,135
25654,1899,3678,970,158,250,202,127
34200,21770,3682,971,642,312,190,180
36096,21770,3681,970,158,811,192,188
71318,6562,924,245,583,231,211,338
81030,6562,923,246,165,673,222,365
146955,16550,920,245,120,747,291,505
129920,16550,921,246,550,3,289,464
18626,23202,918,245,215,290,134,139
19458,23202,919,246,623,848,138,141
46440,3543,926,245,657,896,216,215
39996,3543,927,246,114,164,202,198
51522,3482,3526,928,603,845,277,186
211792,31884,3519,928,44,62,434,488
35908,16231,3530,928,630,220,191,188
82060,25468,3523,928,52,856,373,220
55209,16547,5388,1416,91,817,239,231
51968,16547,5387,1415,667,259,232,224
132275,27925,5385,1416,580,640,275,481
120600,27925,5386,1415,152,178,268,450
47304,10220,5383,1416,629,198,219,216
52206,10220,5381,1415,128,845,231,226
42016,3543,5380,1416,124,202,208,202
46438,3543,5379,1415,660,864,217,214
53110,16547,2406,634,104,796,235,226
35192,33877,2410,634,644,834,166,212
42009,4542,2401,634,639,155,209,201
41000,3543,2407,634,201,208,205,200
55687,16261,4049,1068,625,182,239,233
53580,16261,4047,1066,595,178,235,228
47642,3482,4052,1068,586,844,287,166
50050,3482,4051,1066,559,811,286,175
46384,27652,4056,1068,94,852,223,208
47276,27652,4057,1066,62,811,223,212
209391,31884,4055,1068,48,57,413,507
194688,31884,4053,1066,37,34,384,507
107802,20013,3210,844,560,277,339,318
121450,20013,3211,845,28,621,350,347
117633,20013,3212,846,69,708,347,339
113460,35205,3207,844,146,287,310,366
122740,35205,3208,845,483,550,323,380
115866,35205,3209,846,526,652,314,369
36672,3350,3204,844,423,887,192,191
34404,3350,3205,845,325,152,183,188
35156,3350,3206,846,364,210,188,187
59850,3482,751,201,536,779,266,225
153272,30307,755,201,24,103,391,392
46004,29666,759,201,603,163,217,212
37286,27776,753,201,143,774,181,206
171550,34596,1607,428,57,125,470,365
189720,34596,1606,427,435,730,510,372
57132,3482,1616,428,580,758,276,207
53658,3482,1617,427,122,309,271,198
89958,27732,1612,428,94,733,319,282
79426,27732,1613,427,558,258,302,263
46640,29666,1609,428,637,177,220,212
53130,29666,1610,427,89,862,231,230
146234,3831,2863,755,49,556,374,391
53130,29666,2869,755,588,670,230,231
33847,3350,2866,755,334,141,181,187
41173,22346,2065,544,121,210,209,197
58830,3482,2061,544,564,814,265,222
48168,29666,2063,544,631,164,223,216
35376,27776,2056,544,175,810,176,201
112739,29344,2889,762,584,135,277,407
57599,16547,2885,762,140,819,239,241
27930,1899,2893,762,687,805,133,210
39788,33207,2886,762,114,273,203,196
57684,3482,2899,765,579,759,276,209
91409,27732,2904,765,86,727,323,283
47304,20237,2897,765,616,184,219,216
210834,31884,2902,765,39,102,442,477
32578,21025,4508,1183,91,832,182,179
52425,16547,4503,1183,573,145,233,225
30672,1899,4511,1183,581,866,213,144
51800,24849,4512,1183,118,142,185,280
44308,22346,3081,811,667,873,212,209
38805,22346,3083,813,108,191,199,195
40385,22346,3082,812,121,199,205,197
50572,3482,3078,811,127,272,269,188
54990,3482,3080,813,574,811,282,195
52630,3482,3079,812,602,845,277,190
37635,16231,3086,811,162,855,195,193
33670,16231,3084,813,603,213,185,182
35904,16231,3085,812,630,219,192,187
82186,25468,3089,811,573,231,377,218
84096,25468,3087,813,11,813,384,219
82060,25468,3088,812,51,856,373,220
115620,13394,1526,407,637,675,235,492
129265,13394,1527,408,643,672,251,515
111840,13394,1525,406,75,88,233,480
164850,12777,1532,407,126,74,314,525
169646,12777,1531,408,127,91,313,542
155918,12777,1533,406,506,606,301,518
104760,2482,1530,407,665,75,216,485
106898,2482,1528,408,656,108,226,473
99015,2482,1529,406,62,655,205,483
104006,3742,1534,407,128,833,322,323
111222,3742,1535,408,129,844,333,334
94550,3742,1536,406,486,118,310,305
56608,16261,3497,924,629,193,244,232
53100,16261,3495,922,602,189,236,225
56700,3482,3499,924,649,750,210,270
57181,3482,3500,922,623,719,211,271
190968,25366,3502,924,25,102,436,438
181020,25366,3501,922,15,87,420,431
77024,20876,3505,924,116,768,332,232
80190,20876,3506,922,84,725,330,243
125244,29344,1067,285,128,751,284,441
112066,29344,1069,284,585,132,274,409
130232,29344,1068,283,91,708,292,446
145820,16550,1065,285,576,189,317,460
155176,16550,1064,284,92,594,326,476
140740,16550,1066,283,549,171,310,454
26000,1899,1060,285,178,269,130,200
27324,1899,1059,284,687,807,132,207
25125,1899,1058,283,161,258,125,201
42824,33207,1062,285,683,835,212,202
39984,33207,1061,284,113,273,204,196
44485,33207,1063,283,655,804,217,205
120540,13394,5508,1451,109,44,245,492
62744,25437,5513,1451,553,203,248,253
146754,12777,5516,1451,543,616,279,526
111644,2482,5511,1451,107,678,226,494
159185,33879,5344,1403,78,634,403,395
52899,20237,5341,1403,630,672,231,229
34780,3350,5338,1403,325,155,185,188
51300,3482,1650,437,127,272,270,190
53847,3482,1649,438,575,811,279,193
51754,20237,1643,437,142,849,229,226
48614,20237,1644,438,590,189,223,218
219477,31884,1645,437,519,628,447,491
204480,31884,1647,438,30,112,426,480
82622,25468,1653,437,571,231,379,218
85248,25468,1652,438,12,812,384,222
57358,16261,5189,1365,621,795,241,238
62491,16261,5188,1364,576,699,253,247
123954,33879,5192,1365,84,774,438,283
135000,33879,5191,1364,36,671,450,300
33489,3350,5195,1365,357,213,183,183
34969,3350,5194,1364,315,155,187,187
62220,25437,3017,794,562,194,244,255
69680,25437,3015,793,120,831,260,268
64262,25437,3016,795,120,821,254,253
166400,12777,3020,794,543,641,325,512
155448,12777,3018,793,98,88,306,508
161096,12777,3019,795,88,48,317,508
136653,2482,3014,794,70,651,303,451
131236,2482,3013,793,566,153,301,436
128027,2482,3012,795,578,122,289,443
96502,12080,3010,794,69,117,226,427
116500,12080,3009,793,654,710,250,466
109515,12080,3011,795,642,705,245,447
36573,19860,3514,926,128,865,219,167
184896,34596,3516,926,80,174,428,432
59800,3482,3508,926,600,867,260,230
35530,16231,3511,926,646,177,190,187
81640,41767,3677,969,602,712,260,314
51528,29666,3674,969,153,785,228,226
34040,3350,3671,969,382,212,185,184
32396,21025,1478,391,125,865,182,178
137085,16550,1473,391,587,58,285,481
29118,1899,1475,391,608,899,211,138
42612,33207,1468,391,125,167,212,201
49729,20237,3443,909,160,804,223,223
36290,20237,3441,907,446,844,190,191
33670,3350,3446,909,347,253,182,185
36290,3350,3444,907,446,844,190,191
41820,31862,3449,909,614,835,204,205
42849,31862,3447,907,159,285,207,207
70470,25437,2946,777,146,855,261,270
65025,25437,2947,776,145,844,255,255
61746,25437,2948,775,536,176,246,251
103040,2482,2945,777,600,120,224,460
114716,2482,2944,776,604,83,241,476
123066,2482,2943,775,80,659,258,477
162089,19551,2949,777,98,131,361,449
165066,19551,2951,776,97,95,366,451
168516,19551,2950,775,489,656,372,453
108711,22361,2954,777,598,744,257,423
102500,22361,2952,776,591,742,250,410
101092,22361,2953,775,101,102,254,398
84561,35205,3860,1017,632,161,213,397
56910,3482,3863,1017,625,718,210,271
154786,30307,3857,1017,54,107,386,401
80764,20876,3854,1017,86,724,331,244
132990,16550,2136,562,561,95,286,465
151844,16550,2135,563,97,658,308,493
30644,1899,2128,562,135,245,188,163
35670,1899,2129,563,643,854,205,174
36670,21770,2131,562,129,767,193,190
34209,21770,2133,563,639,316,189,181
20010,33008,2138,562,521,791,381,210
76703,33008,2139,563,86,257,367,209
53654,3482,5128,1346,575,811,278,193
46440,29666,5122,1346,591,170,216,215
200598,31884,5126,1346,153,105,402,499
107512,25468,5131,1346,48,786,356,302
162658,22626,5224,1373,540,656,334,487
162288,22626,5223,1374,70,61,336,483
117369,5885,5231,1373,99,63,243,483
120771,5885,5230,1374,599,697,243,497
128592,2482,5226,1373,51,681,282,456
124488,2482,5227,1374,615,78,273,456
97933,3742,5221,1373,535,152,319,307
104632,3742,5222,1374,75,801,328,319
200445,34596,1280,342,544,655,415,483
59095,3482,1286,342,171,272,265,223
53808,20237,1284,342,152,849,236,228
34848,27776,1278,342,639,291,176,198
53360,20237,5053,1325,561,749,232,230
50844,20237,5052,1324,153,248,228,223
34224,3350,5047,1325,329,187,184,186
35910,3350,5046,1324,421,843,190,189
96250,18356,5050,1325,117,575,275,350
88631,18356,5049,1324,546,267,263,337
54288,29666,786,209,120,662,234,232
51529,29666,785,208,580,336,227,227
35150,3350,792,209,377,183,185,190
41615,3350,791,208,178,249,205,203
44726,31862,789,209,559,786,209,214
41615,31862,788,208,178,249,205,203
62832,38161,2645,699,614,775,231,272
33488,3350,2648,699,387,231,184,182
91500,18356,2642,699,120,728,250,366
56350,16261,2366,626,589,226,245,230
57200,3482,2375,626,606,790,275,208
159936,30307,2370,626,90,162,408,392
86625,27732,2373,626,123,766,315,275
140000,33879,3003,790,500,201,350,400
148104,33879,3005,792,119,698,363,408
153608,33879,3004,791,75,597,364,422
39520,21324,3006,790,138,298,190,208
40301,21324,3008,792,654,820,191,211
42966,21324,3007,791,613,730,198,217
36288,3350,3000,790,427,839,189,182
34224,3350,3002,792,363,261,186,184
34965,3350,3001,791,324,200,185,189
54054,3482,4005,1054,131,300,273,198
78177,27732,3999,1054,563,267,309,253
52441,29666,4002,1054,81,852,229,229
220378,31884,4009,1054,499,700,439,502
58786,3482,3456,911,563,814,266,221
47730,29666,3455,911,630,164,222,215
188634,25366,3461,911,44,126,447,422
35577,27776,3451,911,175,810,177,201
45936,13899,5453,1437,641,713,174,264
51300,20237,5458,1437,153,785,228,225
33852,3350,5456,1437,390,247,186,182
53847,3482,4434,1165,575,811,279,193
178600,25366,4438,1165,31,72,380,470
41990,36636,4443,1165,645,171,170,247
106704,25468,4440,1165,51,786,351,304
54200,3482,70,21,120,309,271,200
58170,3482,71,20,580,756,277,210
80901,27732,74,21,562,262,303,267
90240,27732,75,20,88,728,320,282
49880,28762,78,21,675,896,232,215
41790,28762,76,20,85,166,210,199
48330,36636,69,21,100,884,270,179
42336,36636,68,20,591,202,252,168
88757,35205,1942,514,578,133,227,391
60836,3482,1939,514,539,776,268,227
149344,30307,1947,514,76,165,416,359
37105,27776,1949,514,145,776,181,205
94888,35205,1196,321,98,671,232,409
89200,35205,1197,319,660,177,223,400
53550,3482,1198,321,142,292,210,255
57240,3482,1200,319,651,749,212,270
47294,28762,1201,321,626,862,221,214
43452,28762,1202,319,153,202,213,204
77080,20876,1194,321,544,294,328,235
75696,20876,1192,319,117,769,332,228
52452,3482,1905,504,602,845,279,188
161202,30307,1900,504,49,119,401,402
48614,20237,1899,504,619,196,223,218
81840,25468,1907,504,52,857,372,220
201275,34596,4391,1152,514,711,415,485
181350,34596,4389,1151,71,33,390,465
58830,3482,4385,1152,175,272,265,222
59664,3482,4383,1151,536,779,264,226
53124,29666,4386,1152,127,881,233,228
46004,29666,4388,1151,603,162,217,212
34726,27776,4382,1152,639,297,179,194
37286,27776,4381,1151,143,774,181,206
58563,16261,901,240,97,829,243,241
61992,16261,900,239,53,742,252,246
34224,3350,907,240,386,254,186,184
34034,3350,906,239,347,195,182,187
95788,18356,904,240,610,727,308,311
97965,18356,903,239,567,625,311,315
202768,34596,3279,863,468,684,464,437
51408,3482,3277,863,126,271,272,189
47077,36636,3271,863,133,828,179,263
92584,25468,3273,863,576,190,326,284
39952,19860,5643,1484,91,828,227,176
101568,35205,5639,1484,558,91,276,368
59508,3482,5637,1484,573,839,261,228
41173,28762,5634,1484,131,165,209,197
68117,38161,3139,827,511,766,259,263
35526,3350,3142,827,339,174,186,191
129514,18146,3136,827,85,487,319,406
149460,16550,1164,311,583,682,318,470
151515,16550,1163,312,558,634,315,481
33453,12246,1162,311,198,797,177,189
34933,12246,1161,312,166,766,181,193
42210,4542,1167,311,634,193,210,201
40795,4542,1165,312,607,191,205,199
41607,3543,1158,311,133,176,207,201
39999,3543,1159,312,117,168,201,199
90820,32309,357,96,540,819,380,239
84272,32309,355,94,70,238,368,229
51290,29666,351,96,105,833,230,223
48174,29666,349,94,636,254,222,217
33855,3350,354,96,381,239,183,185
36855,3350,352,94,412,844,189,195
157760,22626,4627,1215,519,712,320,493
61997,25437,4623,1215,549,183,247,251
113490,5885,4622,1215,117,79,234,485
102828,2482,4630,1215,69,662,209,492
57984,38161,4867,1277,581,612,192,302
56810,38161,4866,1276,166,291,190,299
134706,3831,4864,1277,110,508,314,429
129580,3831,4863,1276,517,263,310,418
33304,3350,4870,1277,376,198,181,184
35532,3350,4869,1276,373,833,189,188
112539,2482,179,48,587,96,233,483
109230,3742,174,48,120,796,331,330
114660,12080,183,48,607,713,245,468
155620,23222,177,48,105,144,310,502
119508,3831,192,51,128,668,276,433
119706,3831,190,49,565,192,281,426
126255,3831,191,50,80,566,285,443
34408,3350,186,51,365,198,187,184
36672,3350,184,49,422,887,192,191
35520,3350,185,50,326,138,185,192
35720,22073,189,51,659,842,190,188
35335,22073,187,49,134,276,185,191
36091,22073,188,50,624,749,187,193
